group,graph_hash,edge_count,degree_sequence,d_min,d_mean,d_max,union_vertices,all_vertex_disjoint
target_clean,fcc1ebef9787b30c47d8bd47a0afa53140e32d0a056d2d3ca678ba5ec56fb815,48,"3,3,3,3,3,3,3,3,3,3,3,3,3,3,3,3,3,3,3,3,3,3,3,3,3,3,3,3,3,3,3,3",1,6.666666666666667,8,16,True
target_clean,50bfb6cfbe4149071ceda731d4539a93efb43767003d02cac5e651255a73b171,49,"3,3,3,3,3,3,3,3,3,3,3,3,3,3,3,3,3,3,3,3,3,3,3,3,3,3,3,3,3,3,4,4",3,5.666666666666667,7,16,True
target_clean,17ace8e2724be053be9cb590223e5791a67971d43dc7652492b570c7fdcc6770,48,"3,3,3,3,3,3,3,3,3,3,3,3,3,3,3,3,3,3,3,3,3,3,3,3,3,3,3,3,3,3,3,3",3,6.166666666666667,10,16,True
target_clean,fcc715f29ac61e27d6e71cb38a062eca4c2fc3ea292761b5a8eeaabf577533cd,49,"3,3,3,3,3,3,3,3,3,3,3,3,3,3,3,3,3,3,3,3,3,3,3,3,3,3,3,3,3,3,4,4",3,6.166666666666667,10,16,True
target_clean,c3426e3b68f638cd51c5b4407a681824980d607d0b3481cd3801ee53425d9b5a,49,"3,3,3,3,3,3,3,3,3,3,3,3,3,3,3,3,3,3,3,3,3,3,3,3,3,3,3,3,3,3,4,4",3,6.0,10,16,True
target_clean,2dccabcf1da8c78195dcbd6320e95c52dc0c87c3acc4ad801ffb726f55f1eb5c,49,"3,3,3,3,3,3,3,3,3,3,3,3,3,3,3,3,3,3,3,3,3,3,3,3,3,3,3,3,3,3,4,4",3,5.666666666666667,7,16,True
target_clean,ec157217bb0cf631e78554c078325683f7a2381f905f28bd641c06dce40fc272,49,"3,3,3,3,3,3,3,3,3,3,3,3,3,3,3,3,3,3,3,3,3,3,3,3,3,3,3,3,3,3,4,4",3,5.666666666666667,8,16,True
target_clean,cc173316c6833592466563352693b1f93fc643804ca684968e80c25fe7c8899c,49,"3,3,3,3,3,3,3,3,3,3,3,3,3,3,3,3,3,3,3,3,3,3,3,3,3,3,3,3,3,3,4,4",1,5.666666666666667,8,16,True
target_clean,29c918618c73fbd285cbdd9cc55726de661b79ca88bbe7a58613d6175d6fef01,49,"3,3,3,3,3,3,3,3,3,3,3,3,3,3,3,3,3,3,3,3,3,3,3,3,3,3,3,3,3,3,4,4",1,6.166666666666667,8,16,True
target_clean,8d1e81cf5a8a48f686a35278d98969338fa6c9eb1b12be1c0577fdb092a33b96,49,"3,3,3,3,3,3,3,3,3,3,3,3,3,3,3,3,3,3,3,3,3,3,3,3,3,3,3,3,3,3,4,4",2,5.166666666666667,7,16,True
target_clean,d5d7443b7fee87c54aad90c252be732c4a8f4faa43a50158e6a08c5753489a72,49,"3,3,3,3,3,3,3,3,3,3,3,3,3,3,3,3,3,3,3,3,3,3,3,3,3,3,3,3,3,3,4,4",3,5.666666666666667,7,16,True
target_clean,0fd9f8ea847055c98213c7fd7df89c015c3bfb821e52785394713def46012932,49,"3,3,3,3,3,3,3,3,3,3,3,3,3,3,3,3,3,3,3,3,3,3,3,3,3,3,3,3,3,3,4,4",2,6.0,10,16,True
target_clean,f76e794b6f444c3d22ba2093c46de7489a17f64f3716da949c93ff56c2de105f,48,"3,3,3,3,3,3,3,3,3,3,3,3,3,3,3,3,3,3,3,3,3,3,3,3,3,3,3,3,3,3,3,3",3,6.166666666666667,10,16,True
target_clean,b47179c4bc195e3d458fc05f3007997b29c46a1213170239955128f4bae8e266,49,"3,3,3,3,3,3,3,3,3,3,3,3,3,3,3,3,3,3,3,3,3,3,3,3,3,3,3,3,3,3,4,4",3,5.666666666666667,7,16,True
target_clean,e3323c59474d87553b5fd77a3a5022775e98653092606b0aa0fac8aceb9ea745,48,"3,3,3,3,3,3,3,3,3,3,3,3,3,3,3,3,3,3,3,3,3,3,3,3,3,3,3,3,3,3,3,3",4,6.166666666666667,9,16,True
target_clean,5677bee96b9b846842d3b53f6c99076e42e3916439af1ee4fa17e1fc15c95677,49,"3,3,3,3,3,3,3,3,3,3,3,3,3,3,3,3,3,3,3,3,3,3,3,3,3,3,3,3,3,3,4,4",3,5.666666666666667,8,16,True
target_clean,d7802b9a9bf00594c5f82d880633561bd7a9904d48beca10ee210cb5a778eb6f,49,"3,3,3,3,3,3,3,3,3,3,3,3,3,3,3,3,3,3,3,3,3,3,3,3,3,3,3,3,3,3,4,4",3,5.666666666666667,8,16,True
target_clean,80c9c4dec29035fcbbd2ebf9093ea94065895bca26191300cf29ab61e5b41103,48,"3,3,3,3,3,3,3,3,3,3,3,3,3,3,3,3,3,3,3,3,3,3,3,3,3,3,3,3,3,3,3,3",3,6.333333333333333,10,16,True
target_clean,acf8b0601870632e43d0ad6c3a5f199f772a1e86946b0351da4ba8eaf0599f09,48,"3,3,3,3,3,3,3,3,3,3,3,3,3,3,3,3,3,3,3,3,3,3,3,3,3,3,3,3,3,3,3,3",3,7.0,8,16,True
target_clean,f398dd9300c3f37fa91baeba758bea04d9239cb6d1b18abccfd25d252c4e2a22,49,"3,3,3,3,3,3,3,3,3,3,3,3,3,3,3,3,3,3,3,3,3,3,3,3,3,3,3,3,3,3,4,4",3,5.666666666666667,7,16,True
target_clean,6bd8f9145c419b95a402b3f22b4e6c4d13eb4c8ab066741c2191939fba6611e4,48,"3,3,3,3,3,3,3,3,3,3,3,3,3,3,3,3,3,3,3,3,3,3,3,3,3,3,3,3,3,3,3,3",3,6.666666666666667,10,16,True
target_clean,57ffcbc5208de7aae826ebb1ddfe598a2ce9eb0a021e952970bbea4cfbf4d5df,49,"3,3,3,3,3,3,3,3,3,3,3,3,3,3,3,3,3,3,3,3,3,3,3,3,3,3,3,3,3,3,4,4",3,5.666666666666667,8,16,True
target_clean,8afa1624a15c9b995cb952a175ebb73873c5715b09a94614702e28a0e0f8a53b,48,"3,3,3,3,3,3,3,3,3,3,3,3,3,3,3,3,3,3,3,3,3,3,3,3,3,3,3,3,3,3,3,3",1,6.666666666666667,8,16,True
target_clean,924f4adfe64611ccde15f12e4e139c3a910e7b0c63c3df57476d6d32a5e1b88f,48,"3,3,3,3,3,3,3,3,3,3,3,3,3,3,3,3,3,3,3,3,3,3,3,3,3,3,3,3,3,3,3,3",3,7.0,8,16,True
target_clean,e999eab4d25db71f71ea7b83a392e6e4cd7badf2c5a6c79b7b46c5a55df40122,48,"3,3,3,3,3,3,3,3,3,3,3,3,3,3,3,3,3,3,3,3,3,3,3,3,3,3,3,3,3,3,3,3",2,6.833333333333333,8,16,True
target_clean,100287ca17544787cb00390ffc026ff8ca682e06ac86553b7c223ea5ef19be37,48,"3,3,3,3,3,3,3,3,3,3,3,3,3,3,3,3,3,3,3,3,3,3,3,3,3,3,3,3,3,3,3,3",3,6.666666666666667,10,16,True
target_clean,e2e82d6036814ae375314332072d8212e2eb70ea0e9c1d5bb95e16d14a3c4568,49,"3,3,3,3,3,3,3,3,3,3,3,3,3,3,3,3,3,3,3,3,3,3,3,3,3,3,3,3,3,3,4,4",2,5.166666666666667,7,16,True
target_clean,d1017f5a43b7e130005dc6536c462e85907a61f2068fdaa6dd089a36aee45bf1,49,"3,3,3,3,3,3,3,3,3,3,3,3,3,3,3,3,3,3,3,3,3,3,3,3,3,3,3,3,3,3,4,4",1,6.0,9,16,True
target_clean,1ee8d6745f6ed06d2e934e9e0e7df3a05085905e1163f12c2d7b0d9968b0f0ac,48,"3,3,3,3,3,3,3,3,3,3,3,3,3,3,3,3,3,3,3,3,3,3,3,3,3,3,3,3,3,3,3,3",1,7.0,9,16,True
target_clean,40942a6f7ac7adccce132a76070ebe138a3fd02ebb7532d23ef83f40f35debf6,48,"3,3,3,3,3,3,3,3,3,3,3,3,3,3,3,3,3,3,3,3,3,3,3,3,3,3,3,3,3,3,3,3",4,7.333333333333333,12,16,True
target_clean,d3f398665b14031c7289ae87bf153705870a89f6289aff9da7a7a66cc74f31bb,49,"3,3,3,3,3,3,3,3,3,3,3,3,3,3,3,3,3,3,3,3,3,3,3,3,3,3,3,3,3,3,4,4",1,6.666666666666667,8,16,True
target_clean,34d4324764f333472455b965d1bfed2ed3f152fdb956fc1a621622d4b985bc34,48,"3,3,3,3,3,3,3,3,3,3,3,3,3,3,3,3,3,3,3,3,3,3,3,3,3,3,3,3,3,3,3,3",1,7.0,9,16,True
target_clean,24e114668f30c3925f577599bbd3577c6bda4bfff127ecaaed8685634f01fd39,48,"3,3,3,3,3,3,3,3,3,3,3,3,3,3,3,3,3,3,3,3,3,3,3,3,3,3,3,3,3,3,3,3",1,6.333333333333333,9,16,True
target_clean,832101655fa9553e8b43cb18c66db1feaad3d1b8da372a7973ff7a0b2d2e1dd9,49,"3,3,3,3,3,3,3,3,3,3,3,3,3,3,3,3,3,3,3,3,3,3,3,3,3,3,3,3,3,3,4,4",4,7.166666666666667,10,16,True
target_clean,cc2f06dab3e6e63398d7dbdcd3731b1103a5f81b3f3d2b7c8af490655099df77,49,"3,3,3,3,3,3,3,3,3,3,3,3,3,3,3,3,3,3,3,3,3,3,3,3,3,3,3,3,3,3,4,4",4,6.833333333333333,11,16,True
target_clean,29b3188f0623b6d6d352252d841513f2c2118451369a2deeae684fef102fa828,48,"3,3,3,3,3,3,3,3,3,3,3,3,3,3,3,3,3,3,3,3,3,3,3,3,3,3,3,3,3,3,3,3",3,7.833333333333333,12,16,True
target_clean,7597cc1fdcc78a74f6fe489fc1aa80c45335706c709112ef22e9778fd4947429,48,"3,3,3,3,3,3,3,3,3,3,3,3,3,3,3,3,3,3,3,3,3,3,3,3,3,3,3,3,3,3,3,3",3,7.833333333333333,12,16,True
target_clean,9aea38fed42227fdf25e39a97897765c56abb2daf678b91d58d81f73748bd62f,48,"3,3,3,3,3,3,3,3,3,3,3,3,3,3,3,3,3,3,3,3,3,3,3,3,3,3,3,3,3,3,3,3",1,6.666666666666667,8,16,True
target_clean,857ec1b84da31641bef8fe6873b8ab86fd7454405fc02a1613309ce4083bfe2c,49,"3,3,3,3,3,3,3,3,3,3,3,3,3,3,3,3,3,3,3,3,3,3,3,3,3,3,3,3,3,3,4,4",3,5.666666666666667,7,16,True
target_clean,a747597d27da55110a65b8e9bd1ef50d0e1d2050354bb1662608e7d9c3211ae5,48,"3,3,3,3,3,3,3,3,3,3,3,3,3,3,3,3,3,3,3,3,3,3,3,3,3,3,3,3,3,3,3,3",3,6.333333333333333,8,16,True
target_clean,fda89304a96b8c80ccaaa4ba032d26edcad55e07f7aa5c9718a6ad60db40f239,48,"3,3,3,3,3,3,3,3,3,3,3,3,3,3,3,3,3,3,3,3,3,3,3,3,3,3,3,3,3,3,3,3",3,6.333333333333333,8,16,True
target_clean,9b22eb1e5def3ad08c445b4e79feef543ccbf654a6b9f53fe30215f3d7e7d5c3,49,"3,3,3,3,3,3,3,3,3,3,3,3,3,3,3,3,3,3,3,3,3,3,3,3,3,3,3,3,3,3,4,4",4,6.333333333333333,10,16,True
target_clean,08d0f71f73dd2e293f99537663c0bf79c67df4f18f64d3192eafb5cb1a4db4a3,48,"3,3,3,3,3,3,3,3,3,3,3,3,3,3,3,3,3,3,3,3,3,3,3,3,3,3,3,3,3,3,3,3",6,7.5,8,16,True
target_clean,22a28fc7b6d2770fb59161d62f7f36e096281fc24d00d2b74c0db8f41b0c0b29,48,"3,3,3,3,3,3,3,3,3,3,3,3,3,3,3,3,3,3,3,3,3,3,3,3,3,3,3,3,3,3,3,3",6,7.5,8,16,True
target_clean,5ea17d89f7d3b90b6d0184d16213a8134df9d659299906146157e46d6d970c5d,49,"3,3,3,3,3,3,3,3,3,3,3,3,3,3,3,3,3,3,3,3,3,3,3,3,3,3,3,3,3,3,4,4",4,6.833333333333333,10,16,True
target_clean,63d0a9acdb8b0c31d423babb4d51603208685ca49de93d78b8f5a34adcba43ff,49,"3,3,3,3,3,3,3,3,3,3,3,3,3,3,3,3,3,3,3,3,3,3,3,3,3,3,3,3,3,3,4,4",1,6.0,9,16,True
target_clean,4cb1a40fc726ddf2890e013c692c3dce103780884153a524917519f59cdc53da,49,"3,3,3,3,3,3,3,3,3,3,3,3,3,3,3,3,3,3,3,3,3,3,3,3,3,3,3,3,3,3,4,4",2,5.166666666666667,7,16,True
target_clean,ed3dd2bdd0ff988ffcd837c506e430f819cba01d5aa9d56ddca257dab7597057,48,"3,3,3,3,3,3,3,3,3,3,3,3,3,3,3,3,3,3,3,3,3,3,3,3,3,3,3,3,3,3,3,3",6,7.5,8,16,True
target_clean,e16e20afaa07f418b69282a92742335191f286644697f4dede1619fb7ff30da0,49,"3,3,3,3,3,3,3,3,3,3,3,3,3,3,3,3,3,3,3,3,3,3,3,3,3,3,3,3,3,3,4,4",3,6.666666666666667,11,16,True
target_clean,8894f1b8eb7932e8e8480b9c0237b8a5c91ed1ac48a5a987427894f37814c55a,48,"3,3,3,3,3,3,3,3,3,3,3,3,3,3,3,3,3,3,3,3,3,3,3,3,3,3,3,3,3,3,3,3",2,6.166666666666667,8,16,True
target_clean,df1311acf14e8d2464eb79028ccb63da6f66dbabe44c61745c2ffdb474d6ebca,49,"3,3,3,3,3,3,3,3,3,3,3,3,3,3,3,3,3,3,3,3,3,3,3,3,3,3,3,3,3,3,4,4",3,7.0,11,16,True
target_clean,2fb4476db2ebab23769d0083162e87be4013cbf9417e5fff2f852de33632b8a2,49,"3,3,3,3,3,3,3,3,3,3,3,3,3,3,3,3,3,3,3,3,3,3,3,3,3,3,3,3,3,3,4,4",1,4.666666666666667,7,16,True
target_clean,86d1d51b3e7707d569cd434cfb40572b645bd0b28abe16e30ef369f78c1ff308,48,"3,3,3,3,3,3,3,3,3,3,3,3,3,3,3,3,3,3,3,3,3,3,3,3,3,3,3,3,3,3,3,3",3,7.833333333333333,12,16,True
target_clean,095d0d44b2e639d846c6d4cb126c41c46c08fd19813c0ebdf51f041611e12854,48,"3,3,3,3,3,3,3,3,3,3,3,3,3,3,3,3,3,3,3,3,3,3,3,3,3,3,3,3,3,3,3,3",3,6.666666666666667,10,16,True
target_clean,18c6983581b663fcf04c60814b0503b7dff4fd14a0c5037c5fa74eef7e86fdd4,48,"3,3,3,3,3,3,3,3,3,3,3,3,3,3,3,3,3,3,3,3,3,3,3,3,3,3,3,3,3,3,3,3",2,6.833333333333333,8,16,True
target_clean,4fb544188d5bc91b453da6a2aacbbee17db3ceaafa688d8eb839afdbdac80245,48,"3,3,3,3,3,3,3,3,3,3,3,3,3,3,3,3,3,3,3,3,3,3,3,3,3,3,3,3,3,3,3,3",3,7.833333333333333,12,16,True
target_clean,ee09e0a6973599c0d9fbab36743644faaa5482a1fc645f3334d37286e4ee3197,49,"3,3,3,3,3,3,3,3,3,3,3,3,3,3,3,3,3,3,3,3,3,3,3,3,3,3,3,3,3,3,4,4",3,5.666666666666667,8,16,True
target_clean,0cfea9c9faec35bd4129431e4bf25745fa9157a287c3e53a9109f56215dd834a,49,"3,3,3,3,3,3,3,3,3,3,3,3,3,3,3,3,3,3,3,3,3,3,3,3,3,3,3,3,3,3,4,4",1,5.0,7,16,True
target_clean,e0b5cbc79caaadfa4e2c29bbe62d9d28c38e605789c6970fa01d8fca3da8dc77,49,"3,3,3,3,3,3,3,3,3,3,3,3,3,3,3,3,3,3,3,3,3,3,3,3,3,3,3,3,3,3,4,4",4,6.833333333333333,11,16,True
target_clean,ad49ea06fdc5a9acd0ce08b9693ae353c255932dc5947411568bbe534bda47aa,49,"3,3,3,3,3,3,3,3,3,3,3,3,3,3,3,3,3,3,3,3,3,3,3,3,3,3,3,3,3,3,4,4",1,6.666666666666667,9,16,True
target_clean,d661591d7f3256788be949751aadb43a03aa3591026bdcd9722c752b60857459,49,"3,3,3,3,3,3,3,3,3,3,3,3,3,3,3,3,3,3,3,3,3,3,3,3,3,3,3,3,3,3,4,4",4,7.166666666666667,10,16,True
target_clean,169a3844637c93938e35a80cb488a1549f50e4947e6236b902d6546ea17b7b80,48,"3,3,3,3,3,3,3,3,3,3,3,3,3,3,3,3,3,3,3,3,3,3,3,3,3,3,3,3,3,3,3,3",6,7.5,8,16,True
target_clean,c182bbd36f668b962aa95319f7a512c4ceefc935d41c52bcf119cb2f55a6cdab,48,"3,3,3,3,3,3,3,3,3,3,3,3,3,3,3,3,3,3,3,3,3,3,3,3,3,3,3,3,3,3,3,3",4,7.0,9,16,True
target_clean,cd215959b4cd859e5bcda82399d369b86135d116534cc4a0dc73c1dd7925c1c0,49,"3,3,3,3,3,3,3,3,3,3,3,3,3,3,3,3,3,3,3,3,3,3,3,3,3,3,3,3,3,3,4,4",3,7.0,11,16,True
target_clean,310101b7acd50d0bfb496d8e1c1e9d2b4482123da37d42e626495558008d2c24,48,"3,3,3,3,3,3,3,3,3,3,3,3,3,3,3,3,3,3,3,3,3,3,3,3,3,3,3,3,3,3,3,3",3,7.833333333333333,12,16,True
target_clean,e37c9d223c2a440181c4dc85f96e95953ea438b1b8a088ba539a313959b33650,48,"3,3,3,3,3,3,3,3,3,3,3,3,3,3,3,3,3,3,3,3,3,3,3,3,3,3,3,3,3,3,3,3",1,6.666666666666667,8,16,True
target_clean,fcc6d33a6fff24fac2af1093db003757db66db6997cef246d225ea1d84722c1d,49,"3,3,3,3,3,3,3,3,3,3,3,3,3,3,3,3,3,3,3,3,3,3,3,3,3,3,3,3,3,3,4,4",2,7.0,10,16,True
target_clean,2ca234a6c1a7e354230c3eb7f929327bb48f334ce1ad62bfff80b6bbb15e625d,48,"3,3,3,3,3,3,3,3,3,3,3,3,3,3,3,3,3,3,3,3,3,3,3,3,3,3,3,3,3,3,3,3",3,6.333333333333333,11,16,True
target_clean,a18bdcfb9f522813508f397cfbd7021020d9c6734acb666d1090545bd2e6f74b,49,"3,3,3,3,3,3,3,3,3,3,3,3,3,3,3,3,3,3,3,3,3,3,3,3,3,3,3,3,3,3,4,4",2,5.166666666666667,7,16,True
target_clean,5fc8f11c85bc7bd01eab8e0ec371bb1ab3b67e5465a8f42c962eb5fbe8ceb4a5,48,"3,3,3,3,3,3,3,3,3,3,3,3,3,3,3,3,3,3,3,3,3,3,3,3,3,3,3,3,3,3,3,3",1,6.666666666666667,8,16,True
target_clean,a24e41f24c8abb2b951fd2e93abf125caa2fe5ede49b04de1512d692a9e8db0d,49,"3,3,3,3,3,3,3,3,3,3,3,3,3,3,3,3,3,3,3,3,3,3,3,3,3,3,3,3,3,3,4,4",3,5.666666666666667,8,16,True
target_clean,e96bf4bbcf7dace79db748fd1f1ac448fcd995597c732f1aa6e503c24f287117,49,"3,3,3,3,3,3,3,3,3,3,3,3,3,3,3,3,3,3,3,3,3,3,3,3,3,3,3,3,3,3,4,4",4,7.166666666666667,10,16,True
target_clean,601ce2f58a17b737abceb109497d81344e856a47decfb17731593e659fe1fd93,49,"3,3,3,3,3,3,3,3,3,3,3,3,3,3,3,3,3,3,3,3,3,3,3,3,3,3,3,3,3,3,4,4",3,7.333333333333333,11,16,True
target_clean,49d54c801e7bb2dc2c06dfef90f94bc02c7d472ab701cf7b7bf9e0269f0980d2,49,"3,3,3,3,3,3,3,3,3,3,3,3,3,3,3,3,3,3,3,3,3,3,3,3,3,3,3,3,3,3,4,4",3,7.0,11,16,True
target_clean,8d39f4eeea9fe975f98634d2e11474b1d168d8dfe78b4d0b13f38d28674c3596,49,"3,3,3,3,3,3,3,3,3,3,3,3,3,3,3,3,3,3,3,3,3,3,3,3,3,3,3,3,3,3,4,4",3,6.666666666666667,11,16,True
target_clean,0bf20f10ddc152c5f0004360ef579660b9d27dfe7805aa53f4a086dc10d32418,48,"3,3,3,3,3,3,3,3,3,3,3,3,3,3,3,3,3,3,3,3,3,3,3,3,3,3,3,3,3,3,3,3",3,7.666666666666667,11,16,True
target_clean,b43e341e953a823ddb6b01ac2bb11ba7f824a2095d7139b0aaee1f0806878782,48,"3,3,3,3,3,3,3,3,3,3,3,3,3,3,3,3,3,3,3,3,3,3,3,3,3,3,3,3,3,3,3,3",4,6.333333333333333,9,16,True
target_clean,eaa0242faaefa78f2e2396c65d47014c85c2818b3301e32de7d28ea66b2f4542,48,"3,3,3,3,3,3,3,3,3,3,3,3,3,3,3,3,3,3,3,3,3,3,3,3,3,3,3,3,3,3,3,3",4,7.333333333333333,12,16,True
target_clean,f6030f9140d9e84eef93b413e665a565fca8943542b7fb13b674efe98f21036d,48,"3,3,3,3,3,3,3,3,3,3,3,3,3,3,3,3,3,3,3,3,3,3,3,3,3,3,3,3,3,3,3,3",2,7.0,9,16,True
target_clean,29d8acff5a28604fb774422f9a4f9a1c9d29e739826ade73b89e60ffff0e8a2a,48,"3,3,3,3,3,3,3,3,3,3,3,3,3,3,3,3,3,3,3,3,3,3,3,3,3,3,3,3,3,3,3,3",4,7.333333333333333,12,16,True
target_clean,7a8db55258f227c1d62d332c8d935faab9808e567cdf8ec30fcd41406a4b4e31,49,"3,3,3,3,3,3,3,3,3,3,3,3,3,3,3,3,3,3,3,3,3,3,3,3,3,3,3,3,3,3,4,4",3,5.666666666666667,7,16,True
target_clean,a2271f292daf410beecb1630b5a7cf830daefd68cafa79204db16510ab5589df,48,"3,3,3,3,3,3,3,3,3,3,3,3,3,3,3,3,3,3,3,3,3,3,3,3,3,3,3,3,3,3,3,3",2,6.166666666666667,9,16,True
target_clean,df3eefa174c7e0a20507e20c5ba6b41d7301f707d3e3292a7b76b2af45a392b6,49,"3,3,3,3,3,3,3,3,3,3,3,3,3,3,3,3,3,3,3,3,3,3,3,3,3,3,3,3,3,3,4,4",4,7.0,10,16,True
target_clean,25e2fcc128b76e4ed9a7685c53633f9e55e546db6c2a936b0996977d3fd0527e,49,"3,3,3,3,3,3,3,3,3,3,3,3,3,3,3,3,3,3,3,3,3,3,3,3,3,3,3,3,3,3,4,4",4,5.833333333333333,9,16,True
target_clean,59bcd487580007b8450ca5a5ad21778ef51ff80054277fa9d96e4824a3bc7ffd,49,"3,3,3,3,3,3,3,3,3,3,3,3,3,3,3,3,3,3,3,3,3,3,3,3,3,3,3,3,3,3,4,4",4,6.833333333333333,10,16,True
target_clean,6710c97e91e51f42fda1913fc63e92dec134fb92916783acb68a6b9266871c92,48,"3,3,3,3,3,3,3,3,3,3,3,3,3,3,3,3,3,3,3,3,3,3,3,3,3,3,3,3,3,3,3,3",1,7.0,9,16,True
target_clean,0a904f7539460a39700e204773cfaf90a69550464b5abc50207fe3b2d315fca6,49,"3,3,3,3,3,3,3,3,3,3,3,3,3,3,3,3,3,3,3,3,3,3,3,3,3,3,3,3,3,3,4,4",4,6.833333333333333,11,16,True
target_clean,fb5580ae6118b332d84758d3a38e514576126e58deaa7356faf909b7a5b5ad0a,48,"3,3,3,3,3,3,3,3,3,3,3,3,3,3,3,3,3,3,3,3,3,3,3,3,3,3,3,3,3,3,3,3",2,6.333333333333333,9,16,True
target_clean,6473c84b84b83ce348cf2d96fe7548ca9fff609e15c1b2581085b91f765bafcb,48,"3,3,3,3,3,3,3,3,3,3,3,3,3,3,3,3,3,3,3,3,3,3,3,3,3,3,3,3,3,3,3,3",1,6.5,9,16,True
target_clean,023b449b96212dc0efaedde030aa38ebab13ac9a4264cee1a20b8366f442a671,48,"3,3,3,3,3,3,3,3,3,3,3,3,3,3,3,3,3,3,3,3,3,3,3,3,3,3,3,3,3,3,3,3",4,7.0,9,16,True
target_clean,db922ac949fca3bcf52f2233849d88fec31cbd68b42e506f695b26d03ab62754,48,"3,3,3,3,3,3,3,3,3,3,3,3,3,3,3,3,3,3,3,3,3,3,3,3,3,3,3,3,3,3,3,3",4,7.333333333333333,12,16,True
target_clean,05799e852731106dd2d25043af9af4da19025cf1d2971d88a799c077fbac3caa,48,"3,3,3,3,3,3,3,3,3,3,3,3,3,3,3,3,3,3,3,3,3,3,3,3,3,3,3,3,3,3,3,3",1,6.666666666666667,8,16,True
target_clean,af9f1ec88c4c229368a39e872fa4a35bc6661e938891fd29c90d5b339a159470,48,"3,3,3,3,3,3,3,3,3,3,3,3,3,3,3,3,3,3,3,3,3,3,3,3,3,3,3,3,3,3,3,3",3,7.666666666666667,11,16,True
target_clean,219c9d3769357510d16c18bfc123e07cefff17c27a689a381bad296eaa4009ce,48,"3,3,3,3,3,3,3,3,3,3,3,3,3,3,3,3,3,3,3,3,3,3,3,3,3,3,3,3,3,3,3,3",3,7.833333333333333,12,16,True
target_clean,63ec1838fb37377658e7d2cdba6756ef97b0b566efaca28a52827cea0d70da23,49,"3,3,3,3,3,3,3,3,3,3,3,3,3,3,3,3,3,3,3,3,3,3,3,3,3,3,3,3,3,3,4,4",4,6.333333333333333,10,16,True
target_clean,db908e86d3cfe1945681f1d520355c0fdeb7ccfcbe68e0789445947a9b35cd08,48,"3,3,3,3,3,3,3,3,3,3,3,3,3,3,3,3,3,3,3,3,3,3,3,3,3,3,3,3,3,3,3,3",3,7.833333333333333,12,16,True
target_clean,6f782379b510a008e4611928d157f01d061a7c2435e9a6ceaa43c0159613ee6d,49,"3,3,3,3,3,3,3,3,3,3,3,3,3,3,3,3,3,3,3,3,3,3,3,3,3,3,3,3,3,3,4,4",3,6.666666666666667,11,16,True
target_clean,a6c958ebd4dbb2c765112eb9ed473425a3ccac50b30cb2071b9c4da6f76ce1fc,49,"3,3,3,3,3,3,3,3,3,3,3,3,3,3,3,3,3,3,3,3,3,3,3,3,3,3,3,3,3,3,4,4",2,5.0,9,16,True
target_clean,164a253c8c04ad6a21f0101a94339b07133682cef3cb8736ab9e761447a3f7f9,48,"3,3,3,3,3,3,3,3,3,3,3,3,3,3,3,3,3,3,3,3,3,3,3,3,3,3,3,3,3,3,3,3",4,7.166666666666667,11,16,True
target_clean,de5a0833ee46e5fdb7227c3f767d8d723f8326fe9d448dbb15448867d493bf32,49,"3,3,3,3,3,3,3,3,3,3,3,3,3,3,3,3,3,3,3,3,3,3,3,3,3,3,3,3,3,3,4,4",3,7.333333333333333,11,16,True
target_clean,84d1dda70f64baed1fa34e51344ce34398b57ce11fe73c764fa5db390b5ff1ed,49,"3,3,3,3,3,3,3,3,3,3,3,3,3,3,3,3,3,3,3,3,3,3,3,3,3,3,3,3,3,3,4,4",3,6.833333333333333,10,16,True
target_clean,dbc2a135be820de966f9e60e093a66a724ad899e20c017c61fcd0a6d00ee4877,49,"3,3,3,3,3,3,3,3,3,3,3,3,3,3,3,3,3,3,3,3,3,3,3,3,3,3,3,3,3,3,4,4",3,7.333333333333333,11,16,True
target_clean,aa89c1828939758e9ff0eea8e05707125b4d411e6c3ee7f75044d21f89434ace,48,"3,3,3,3,3,3,3,3,3,3,3,3,3,3,3,3,3,3,3,3,3,3,3,3,3,3,3,3,3,3,3,3",3,6.666666666666667,10,16,True
target_clean,5bcae211f6fb331c113a4aa83eab7c3fb1ff5d988668eeaf6c24d15b81a669e3,49,"3,3,3,3,3,3,3,3,3,3,3,3,3,3,3,3,3,3,3,3,3,3,3,3,3,3,3,3,3,3,4,4",5,6.666666666666667,8,16,True
target_clean,fca595746c25d211079f03e10cbeb184af8af383b87628de202845c4ec54cf93,49,"3,3,3,3,3,3,3,3,3,3,3,3,3,3,3,3,3,3,3,3,3,3,3,3,3,3,3,3,3,3,4,4",4,6.833333333333333,11,16,True
target_clean,28e1e7d1bc7aa6ccf5bb4661bf323f8a9979376ac050f2f9207142581df5de42,49,"3,3,3,3,3,3,3,3,3,3,3,3,3,3,3,3,3,3,3,3,3,3,3,3,3,3,3,3,3,3,4,4",0,6.833333333333333,9,15,False
target_clean,c2b002392b14ab96679c57d74a7d9dfb38dcc03e2b11f68b19963b76361d8ff5,49,"3,3,3,3,3,3,3,3,3,3,3,3,3,3,3,3,3,3,3,3,3,3,3,3,3,3,3,3,3,3,4,4",2,6.5,12,16,True
target_clean,8df9d67725ceb6796b27b8d5d0df2c1eb77bc68bfca9b41fc2e046df1b8feb3b,48,"3,3,3,3,3,3,3,3,3,3,3,3,3,3,3,3,3,3,3,3,3,3,3,3,3,3,3,3,3,3,3,3",3,6.333333333333333,8,16,True
target_clean,009d525cd9ea7e484944ff987592ee617f7657ff87899d1b2fc9812064a0323d,49,"3,3,3,3,3,3,3,3,3,3,3,3,3,3,3,3,3,3,3,3,3,3,3,3,3,3,3,3,3,3,4,4",2,5.166666666666667,7,16,True
target_clean,c77650288ac0866ffda19aab96a59eb883ccbba36d3613e0ebd43a4fa02fe8a8,49,"3,3,3,3,3,3,3,3,3,3,3,3,3,3,3,3,3,3,3,3,3,3,3,3,3,3,3,3,3,3,4,4",3,5.666666666666667,7,16,True
target_clean,10a92b2da85f481ecb802976f94919fb6a229a190ed6a6ece8e73b913f9c3046,48,"3,3,3,3,3,3,3,3,3,3,3,3,3,3,3,3,3,3,3,3,3,3,3,3,3,3,3,3,3,3,3,3",2,6.166666666666667,7,16,True
control_random_dirty,c81aa5cc561c8bc12bf5dafd21dfa7802ee4de8e8000ddf95e7cc3881467d8e2,49,"3,3,3,3,3,3,3,3,3,3,3,3,3,3,3,3,3,3,3,3,3,3,3,3,3,3,3,3,3,3,4,4",1,2.3333333333333335,4,16,True
control_random_dirty,68f635f10c305e1dd9d5406bbad5c636c8002800884689757e19c77185e2aace,49,"3,3,3,3,3,3,3,3,3,3,3,3,3,3,3,3,3,3,3,3,3,3,3,3,3,3,3,3,3,3,4,4",1,5.833333333333333,11,16,True
control_random_dirty,36db6c455fea04097fe4094da0ce382cb3d002ec6ceb4678a6057197c5fc87b9,49,"3,3,3,3,3,3,3,3,3,3,3,3,3,3,3,3,3,3,3,3,3,3,3,3,3,3,3,3,3,3,4,4",0,5.833333333333333,9,15,False
control_random_dirty,3c32cb1ef90ca541e72adb5d7dc36fbabba3a0d747654844b1f1c636ce1fecd3,49,"3,3,3,3,3,3,3,3,3,3,3,3,3,3,3,3,3,3,3,3,3,3,3,3,3,3,3,3,3,3,4,4",0,1.6666666666666667,4,12,False
control_random_dirty,871e9073c364bb2f100fcc6e4c79f85e7d9ccffde107d3d87c6f65ea78241150,49,"3,3,3,3,3,3,3,3,3,3,3,3,3,3,3,3,3,3,3,3,3,3,3,3,3,3,3,3,3,3,4,4",2,4.5,7,16,True
control_random_dirty,96ca5c6fd5d6e46e53b7b4b80dc845be4bed7ddf033759731d3bd1be680b1b9c,49,"3,3,3,3,3,3,3,3,3,3,3,3,3,3,3,3,3,3,3,3,3,3,3,3,3,3,3,3,3,3,4,4",2,3.6666666666666665,6,16,True
control_random_dirty,f96e0eb28fb18a89345e0e263d86c87ab57d134fe58374e5237e19ffaf2a62f7,49,"3,3,3,3,3,3,3,3,3,3,3,3,3,3,3,3,3,3,3,3,3,3,3,3,3,3,3,3,3,3,4,4",0,3.8333333333333335,7,14,False
control_random_dirty,8f81e913b254f7117cd17ef5f571a8aa39e238f60d6cf3a8def98e8ad3a35d90,49,"3,3,3,3,3,3,3,3,3,3,3,3,3,3,3,3,3,3,3,3,3,3,3,3,3,3,3,3,3,3,3,5",1,2.5,4,16,True
control_random_dirty,e99d885d31bdc0be3a37b13925075d86d5e717897a8b604a98133f061451f38c,49,"3,3,3,3,3,3,3,3,3,3,3,3,3,3,3,3,3,3,3,3,3,3,3,3,3,3,3,3,3,3,4,4",0,4.166666666666667,7,15,False
control_random_dirty,df9c5c50bf9cc893200127ee896ac3ae2c23d995df1f03cff2712718d00b2b11,49,"3,3,3,3,3,3,3,3,3,3,3,3,3,3,3,3,3,3,3,3,3,3,3,3,3,3,3,3,3,3,4,4",0,1.8333333333333333,4,14,False
control_random_dirty,f3797621da96180acdaa7cdd1ba85ece1aeb2b2f67a12fe5cb0458f9c9e62381,49,"3,3,3,3,3,3,3,3,3,3,3,3,3,3,3,3,3,3,3,3,3,3,3,3,3,3,3,3,3,3,4,4",0,2.0,5,14,False
control_random_dirty,7a0c7ccd9016ee00c7af4d3c3ae88db568b508196e870a6be5da0848d8bd85d7,49,"3,3,3,3,3,3,3,3,3,3,3,3,3,3,3,3,3,3,3,3,3,3,3,3,3,3,3,3,3,3,4,4",2,4.166666666666667,7,16,True
control_random_dirty,a00a2bb1cbff9b40eb56fa1ed479110d5bbf1ddd522c085ea19495dde29520e5,49,"3,3,3,3,3,3,3,3,3,3,3,3,3,3,3,3,3,3,3,3,3,3,3,3,3,3,3,3,3,3,4,4",2,4.666666666666667,7,16,True
control_random_dirty,ffe00353cfe3a47d3c6d711de1f2fbd9b62fdc87787aae2b04e0fbd5c2acaa72,49,"3,3,3,3,3,3,3,3,3,3,3,3,3,3,3,3,3,3,3,3,3,3,3,3,3,3,3,3,3,3,4,4",0,2.1666666666666665,5,9,False
control_random_dirty,e204c0147ee4822e2fc8bcec10b4d0227de00f7a5d43ace35cef17b6ffa4e4eb,49,"3,3,3,3,3,3,3,3,3,3,3,3,3,3,3,3,3,3,3,3,3,3,3,3,3,3,3,3,3,3,4,4",1,2.3333333333333335,4,16,True
control_random_dirty,39d6054e2a279ad5cf9ff7b247ea621edc104fe0f907b737950881e2366092ab,49,"3,3,3,3,3,3,3,3,3,3,3,3,3,3,3,3,3,3,3,3,3,3,3,3,3,3,3,3,3,3,4,4",1,3.8333333333333335,8,16,True
control_random_dirty,64d9ea04cbf3d8bbb6ce0b61eaae28190c2cae1046f508fa81f363ebed81ecd2,49,"3,3,3,3,3,3,3,3,3,3,3,3,3,3,3,3,3,3,3,3,3,3,3,3,3,3,3,3,3,3,4,4",1,2.8333333333333335,4,16,True
control_random_dirty,e70fd529531015f097cdea96e03fcd11b0294a7c2fe555e6baf16d07183d3148,49,"3,3,3,3,3,3,3,3,3,3,3,3,3,3,3,3,3,3,3,3,3,3,3,3,3,3,3,3,3,3,4,4",0,2.6666666666666665,6,14,False
control_random_dirty,7d5bf2dd5b1f3123a5b9a4587ec76a347ae99bb14910cc1bf35c69add7e87f8f,49,"3,3,3,3,3,3,3,3,3,3,3,3,3,3,3,3,3,3,3,3,3,3,3,3,3,3,3,3,3,3,4,4",1,6.0,11,16,True
control_random_dirty,3e973d41a22984f6f0a95fde19dc1d0d961e7eafa0181d0afd9d5c57cbd1292e,49,"3,3,3,3,3,3,3,3,3,3,3,3,3,3,3,3,3,3,3,3,3,3,3,3,3,3,3,3,3,3,4,4",1,6.0,7,16,True
control_random_dirty,a09a39925c3431ace832b34bdc620c9f0a513397396d16c48bfee27c6260870a,49,"3,3,3,3,3,3,3,3,3,3,3,3,3,3,3,3,3,3,3,3,3,3,3,3,3,3,3,3,3,3,4,4",0,4.5,7,14,False
control_random_dirty,d095080ed48962392760958be832c3894372150be82e31da56adfea8931da85d,49,"3,3,3,3,3,3,3,3,3,3,3,3,3,3,3,3,3,3,3,3,3,3,3,3,3,3,3,3,3,3,4,4",1,2.3333333333333335,4,16,True
control_random_dirty,4b8127edcaccde5a601262dc51004bd2b9e1f43373e020bdeab422bf4f6b027c,49,"3,3,3,3,3,3,3,3,3,3,3,3,3,3,3,3,3,3,3,3,3,3,3,3,3,3,3,3,3,3,4,4",2,5.833333333333333,7,16,True
control_random_dirty,3d2c37749ce30584a808b5a5d41fbdb544690d4494bf6c969a7336490ca6674e,49,"3,3,3,3,3,3,3,3,3,3,3,3,3,3,3,3,3,3,3,3,3,3,3,3,3,3,3,3,3,3,4,4",2,5.333333333333333,7,16,True
control_random_dirty,2e39b8ceee09958100a3bf4d0f71965261d99322b606b99b2b3ef63595f666bd,49,"3,3,3,3,3,3,3,3,3,3,3,3,3,3,3,3,3,3,3,3,3,3,3,3,3,3,3,3,3,3,4,4",1,5.333333333333333,8,16,True
control_random_dirty,03f1d93916ac993b80a16df7cf863fe87cf24a89e400e1a5d8210306f5e94e8d,49,"3,3,3,3,3,3,3,3,3,3,3,3,3,3,3,3,3,3,3,3,3,3,3,3,3,3,3,3,3,3,4,4",0,2.0,4,14,False
control_random_dirty,65f91c8bf2665b37fbf4137451d72ebdedfb6fe5db89d2b06a38e321e46abb9d,49,"3,3,3,3,3,3,3,3,3,3,3,3,3,3,3,3,3,3,3,3,3,3,3,3,3,3,3,3,3,3,4,4",1,2.6666666666666665,5,16,True
control_random_dirty,99b408f63f8a5c99c78f682aa0c446339216b80e7df98a44b3099cadfa165ccc,49,"3,3,3,3,3,3,3,3,3,3,3,3,3,3,3,3,3,3,3,3,3,3,3,3,3,3,3,3,3,3,3,5",0,4.166666666666667,8,15,False
control_random_dirty,40b15b46415255f7fa788febf0ec5fe11546928758046bcfd33bcf1cfbcd7f64,49,"3,3,3,3,3,3,3,3,3,3,3,3,3,3,3,3,3,3,3,3,3,3,3,3,3,3,3,3,3,3,3,5",1,2.8333333333333335,4,16,True
control_random_dirty,984ce60b701a27b06f0f3c45d3d3549c56abcb577b9b1a6a70fbb923688a99eb,49,"3,3,3,3,3,3,3,3,3,3,3,3,3,3,3,3,3,3,3,3,3,3,3,3,3,3,3,3,3,3,4,4",0,3.1666666666666665,6,14,False
control_random_dirty,cb14e45ed3be015b3d116b02fbec4f54b164b793f6ce245f6f27a5b813a4074e,49,"3,3,3,3,3,3,3,3,3,3,3,3,3,3,3,3,3,3,3,3,3,3,3,3,3,3,3,3,3,3,4,4",1,4.166666666666667,7,16,True
control_random_dirty,58b145836640ca1c91ba896dc4879a068bc5d95c3a51ff2b0a0b44160c5e719b,49,"3,3,3,3,3,3,3,3,3,3,3,3,3,3,3,3,3,3,3,3,3,3,3,3,3,3,3,3,3,3,4,4",2,3.3333333333333335,7,16,True
control_random_dirty,8dffe89a0b636851026a19b6ac8837942cd043a78c4222ff66bd26c27df6aa4b,49,"3,3,3,3,3,3,3,3,3,3,3,3,3,3,3,3,3,3,3,3,3,3,3,3,3,3,3,3,3,3,4,4",0,1.8333333333333333,4,14,False
control_random_dirty,a3a35280a4a5c3c0407a5a10afdd7a8bf455b962b8f18387e1677051d94d7b5a,49,"3,3,3,3,3,3,3,3,3,3,3,3,3,3,3,3,3,3,3,3,3,3,3,3,3,3,3,3,3,3,4,4",2,5.0,7,16,True
control_random_dirty,78189810b2279ebb802ffefb88cb1ee5104cb8570e63743ef9f0d65634a26447,49,"3,3,3,3,3,3,3,3,3,3,3,3,3,3,3,3,3,3,3,3,3,3,3,3,3,3,3,3,3,3,4,4",0,4.333333333333333,8,14,False
control_random_dirty,6b14b2a86aa6eb7d4bcfc44223b9f6ee68c20c217feb8be6aeeb515310323c2d,49,"3,3,3,3,3,3,3,3,3,3,3,3,3,3,3,3,3,3,3,3,3,3,3,3,3,3,3,3,3,3,4,4",2,5.5,7,16,True
control_random_dirty,cf717ad11495af224fa672b1e6bd194dfede10088159fd4ceb3e7d07674aa928,49,"3,3,3,3,3,3,3,3,3,3,3,3,3,3,3,3,3,3,3,3,3,3,3,3,3,3,3,3,3,3,4,4",1,4.666666666666667,7,16,True
control_random_dirty,ef4e3235b029880ac194f17b43bb23db1228cf07fe3a766df00fdc98b8d39b11,49,"3,3,3,3,3,3,3,3,3,3,3,3,3,3,3,3,3,3,3,3,3,3,3,3,3,3,3,3,3,3,4,4",0,4.833333333333333,7,14,False
control_random_dirty,1f7f2a68857f257a577d7e9d1f75f9c1803fe326e72891cdfeb7b4491318b3f7,49,"3,3,3,3,3,3,3,3,3,3,3,3,3,3,3,3,3,3,3,3,3,3,3,3,3,3,3,3,3,3,3,5",0,1.3333333333333333,2,14,False
control_random_dirty,90c634e9d724451b9e379f8135a21ac74e2e0ef8b0be1e876999261e22898e6a,49,"3,3,3,3,3,3,3,3,3,3,3,3,3,3,3,3,3,3,3,3,3,3,3,3,3,3,3,3,3,3,4,4",0,3.8333333333333335,6,14,False
control_random_dirty,a61cc6ae3feb0ad7aeecce6e68ce327ab4cdd89a3f80a846df3db64d65a8585d,49,"3,3,3,3,3,3,3,3,3,3,3,3,3,3,3,3,3,3,3,3,3,3,3,3,3,3,3,3,3,3,4,4",0,3.3333333333333335,5,14,False
control_random_dirty,3294d6cc956a5fb1da5281c070003c8ce50e8f303edcf895f9100d3818153564,48,"3,3,3,3,3,3,3,3,3,3,3,3,3,3,3,3,3,3,3,3,3,3,3,3,3,3,3,3,3,3,3,3",0,2.8333333333333335,6,11,False
control_random_dirty,f0a5bd0476c4423270ab10b0a187d7776c00a2003580527cacb34808985ad5e1,49,"3,3,3,3,3,3,3,3,3,3,3,3,3,3,3,3,3,3,3,3,3,3,3,3,3,3,3,3,3,3,3,5",1,3.1666666666666665,5,16,True
control_random_dirty,23c14bd809fdd818fd039a65933b4a0300facc7c2ffbe731fd0c92307e464c11,49,"3,3,3,3,3,3,3,3,3,3,3,3,3,3,3,3,3,3,3,3,3,3,3,3,3,3,3,3,3,3,3,5",0,2.1666666666666665,4,14,False
control_random_dirty,8d43d584b266a7b42b8ff7d174d4f2379836b13f5121457d70aefe800f1b08a4,49,"3,3,3,3,3,3,3,3,3,3,3,3,3,3,3,3,3,3,3,3,3,3,3,3,3,3,3,3,3,3,4,4",1,5.0,9,16,True
control_random_dirty,c01e752801c4d32f0a15c5c64c01b5c940040f4188182af4758a9ffc3823168c,49,"3,3,3,3,3,3,3,3,3,3,3,3,3,3,3,3,3,3,3,3,3,3,3,3,3,3,3,3,3,3,4,4",1,2.6666666666666665,4,16,True
control_random_dirty,75969e4b5ba78dcd8273c953c0c50653c3cb6e51d51949db2caae390c744e506,49,"3,3,3,3,3,3,3,3,3,3,3,3,3,3,3,3,3,3,3,3,3,3,3,3,3,3,3,3,3,3,4,4",0,1.5,3,14,False
control_random_dirty,ba4973717a747bdfd3adca5860dccbb56ace9eca9e659b62de0384d7f6d47ae6,49,"3,3,3,3,3,3,3,3,3,3,3,3,3,3,3,3,3,3,3,3,3,3,3,3,3,3,3,3,3,3,4,4",0,1.1666666666666667,3,12,False
control_random_dirty,b8e267733a9907cf6949e4aaacc949e30b92668ca723781bd6cedd68fe324861,49,"3,3,3,3,3,3,3,3,3,3,3,3,3,3,3,3,3,3,3,3,3,3,3,3,3,3,3,3,3,3,4,4",3,6.666666666666667,8,16,True
control_random_dirty,601d780274005a43779df6d6a72fc156798279528cae0ab3ca4c0c9bb29b4b6c,49,"3,3,3,3,3,3,3,3,3,3,3,3,3,3,3,3,3,3,3,3,3,3,3,3,3,3,3,3,3,3,4,4",0,2.0,3,14,False
control_random_dirty,361a283a061277f45368b6dfb5a32d8d457081dec376a5194ab61a50a03b0c5e,49,"3,3,3,3,3,3,3,3,3,3,3,3,3,3,3,3,3,3,3,3,3,3,3,3,3,3,3,3,3,3,3,5",1,6.333333333333333,8,16,True
control_random_dirty,b25b830261a4e6f6addc2f2f3dae76eb4af68483c1999b17af0fb9204636d11d,49,"3,3,3,3,3,3,3,3,3,3,3,3,3,3,3,3,3,3,3,3,3,3,3,3,3,3,3,3,3,3,4,4",1,4.666666666666667,7,16,True
control_random_dirty,0af21d335b94bb1d866e11f31e341a1b84663b2a0bf736f314b1418fb6ce785c,49,"3,3,3,3,3,3,3,3,3,3,3,3,3,3,3,3,3,3,3,3,3,3,3,3,3,3,3,3,3,3,4,4",3,6.666666666666667,8,16,True
control_random_dirty,d6ad33fe23797074a7813823eb3d3a53f1be730cb7a0d01030425a04f0ca0301,49,"3,3,3,3,3,3,3,3,3,3,3,3,3,3,3,3,3,3,3,3,3,3,3,3,3,3,3,3,3,3,4,4",1,2.5,4,16,True
control_random_dirty,5ea79c96d9cbf44a866b4af04f9abb6f6db329bb20b4508cb59be69f3efe3bf9,49,"3,3,3,3,3,3,3,3,3,3,3,3,3,3,3,3,3,3,3,3,3,3,3,3,3,3,3,3,3,3,4,4",1,2.8333333333333335,5,16,True
control_random_dirty,4c93b28be7f660ee23035d965974a84518a3f782dcc1d4bde00fb5718f79ae64,49,"3,3,3,3,3,3,3,3,3,3,3,3,3,3,3,3,3,3,3,3,3,3,3,3,3,3,3,3,3,3,4,4",1,4.666666666666667,10,16,True
control_random_dirty,5a61a8c4ab623399c33b75889dcd3acdcd089f02bd73ba516ba34cf521c878cb,49,"3,3,3,3,3,3,3,3,3,3,3,3,3,3,3,3,3,3,3,3,3,3,3,3,3,3,3,3,3,3,3,5",0,3.5,7,13,False
control_random_dirty,935405c9488938459d681816b92ec93268adac6d4fe23266d48c9b9a75a1eaa3,49,"3,3,3,3,3,3,3,3,3,3,3,3,3,3,3,3,3,3,3,3,3,3,3,3,3,3,3,3,3,3,4,4",0,2.6666666666666665,6,9,False
control_random_dirty,ae7813b390b341ecaaab2d70cc149521f0917af57f2741bf09386916b54c77bd,49,"3,3,3,3,3,3,3,3,3,3,3,3,3,3,3,3,3,3,3,3,3,3,3,3,3,3,3,3,3,3,4,4",1,4.0,8,16,True
control_random_dirty,0a387fcc17880472660c08e42e0c67185f2db696d2188c339e528cd94c5b8011,49,"3,3,3,3,3,3,3,3,3,3,3,3,3,3,3,3,3,3,3,3,3,3,3,3,3,3,3,3,3,3,4,4",0,3.6666666666666665,7,14,False
control_random_dirty,03655c0c9e6aac5c0522a33f3eca04635820e95fd31e64dbe503186185209809,49,"3,3,3,3,3,3,3,3,3,3,3,3,3,3,3,3,3,3,3,3,3,3,3,3,3,3,3,3,3,3,4,4",1,3.3333333333333335,6,16,True
control_random_dirty,ce442288bf287b4cc82dbdba42ef687add3736be13d416f213dc1dcc0fc28be7,49,"3,3,3,3,3,3,3,3,3,3,3,3,3,3,3,3,3,3,3,3,3,3,3,3,3,3,3,3,3,3,4,4",0,4.166666666666667,7,15,False
control_random_dirty,307450cd8afc22a6edbf07ca68f1a5fea5114a3c53e9466dc887e72fc660a844,49,"3,3,3,3,3,3,3,3,3,3,3,3,3,3,3,3,3,3,3,3,3,3,3,3,3,3,3,3,3,3,4,4",1,2.0,4,16,True
control_random_dirty,ddab3573304dc40a74eeae03c61f6a0beab1bb14868f6752a0f509b01b3d951a,48,"3,3,3,3,3,3,3,3,3,3,3,3,3,3,3,3,3,3,3,3,3,3,3,3,3,3,3,3,3,3,3,3",0,3.8333333333333335,7,14,False
control_random_dirty,dd0acb97fe17e4c415d5146b0060e19fc838c77a3dd03cbfe34440d6c741872f,49,"3,3,3,3,3,3,3,3,3,3,3,3,3,3,3,3,3,3,3,3,3,3,3,3,3,3,3,3,3,3,4,4",1,4.333333333333333,7,16,True
control_random_dirty,b0dd6c947d797c76fe0e9abd38d8b55aac26e058ff13181b4802f1474f719a90,49,"3,3,3,3,3,3,3,3,3,3,3,3,3,3,3,3,3,3,3,3,3,3,3,3,3,3,3,3,3,3,4,4",0,2.5,4,15,False
control_random_dirty,da7d14294ac6c249b204d63b2f094216baae863297c54dcd05f41a5879790f37,49,"3,3,3,3,3,3,3,3,3,3,3,3,3,3,3,3,3,3,3,3,3,3,3,3,3,3,3,3,3,3,4,4",1,3.1666666666666665,5,16,True
control_random_dirty,d8e265eed28c7f15f6f076f016c966ba7ce9d716d6a784cadd8b5cf6f2e4c1ce,49,"3,3,3,3,3,3,3,3,3,3,3,3,3,3,3,3,3,3,3,3,3,3,3,3,3,3,3,3,3,3,4,4",0,2.8333333333333335,5,14,False
control_random_dirty,20cd2967350c80cf860810b0bb360e9742d4fec57cba4b4395cc679cb7a5e318,49,"3,3,3,3,3,3,3,3,3,3,3,3,3,3,3,3,3,3,3,3,3,3,3,3,3,3,3,3,3,3,4,4",2,6.666666666666667,11,16,True
control_random_dirty,ced528dffe9e5c9130094ab1e38a305c6108f96b24bec08f82f07c55eff3ed9d,49,"3,3,3,3,3,3,3,3,3,3,3,3,3,3,3,3,3,3,3,3,3,3,3,3,3,3,3,3,3,3,3,5",0,4.666666666666667,10,15,False
control_random_dirty,e2e9c5bd6049bbdcd04c0aa2d8ed3a9ee8beface422edd772e2777f0d71c8abc,49,"3,3,3,3,3,3,3,3,3,3,3,3,3,3,3,3,3,3,3,3,3,3,3,3,3,3,3,3,3,3,4,4",0,4.833333333333333,7,14,False
control_random_dirty,5c6a0104ddebfd1c38f34b16f88290324014c80ea4d227820188920382f6874d,49,"3,3,3,3,3,3,3,3,3,3,3,3,3,3,3,3,3,3,3,3,3,3,3,3,3,3,3,3,3,3,4,4",0,2.0,4,15,False
control_random_dirty,a2fe72a4a3e6336ea791667795679503c32f733ce8241b284a6d81142d28c425,49,"3,3,3,3,3,3,3,3,3,3,3,3,3,3,3,3,3,3,3,3,3,3,3,3,3,3,3,3,3,3,4,4",1,1.8333333333333333,4,16,True
control_random_dirty,2d53146b504731ec7a6e096f096edb2de0f660d0ac4ec70bd23a959b1f380d54,49,"3,3,3,3,3,3,3,3,3,3,3,3,3,3,3,3,3,3,3,3,3,3,3,3,3,3,3,3,3,3,4,4",0,4.666666666666667,9,14,False
control_random_dirty,d74afe4af226f33f5c93b3d6aa102cba8d7b2f0973eb50b33a5a5de7eb91aa5c,49,"3,3,3,3,3,3,3,3,3,3,3,3,3,3,3,3,3,3,3,3,3,3,3,3,3,3,3,3,3,3,4,4",2,5.333333333333333,10,16,True
control_random_dirty,60f64bcd2a5a024943c22465df218fa1c957416ff2a04f2f8198d4c4214f0488,49,"3,3,3,3,3,3,3,3,3,3,3,3,3,3,3,3,3,3,3,3,3,3,3,3,3,3,3,3,3,3,4,4",0,2.5,4,15,False
control_random_dirty,ecf2fb75151df348a4205941c8d50d5c6d04fc5f3670a4c5581c07a366c32a63,49,"3,3,3,3,3,3,3,3,3,3,3,3,3,3,3,3,3,3,3,3,3,3,3,3,3,3,3,3,3,3,4,4",2,2.8333333333333335,4,16,True
control_random_dirty,45b178e0345d456555b9d839dca740716f72c82c01b342209614c26476de3550,49,"3,3,3,3,3,3,3,3,3,3,3,3,3,3,3,3,3,3,3,3,3,3,3,3,3,3,3,3,3,3,4,4",2,4.833333333333333,8,16,True
control_random_dirty,0df5cd410f7b8b27d98626f904801c711e4e3191fac9c38c047e73f15ba2c170,48,"3,3,3,3,3,3,3,3,3,3,3,3,3,3,3,3,3,3,3,3,3,3,3,3,3,3,3,3,3,3,3,3",2,6.5,8,16,True
control_random_dirty,fdbdd26d62a702affdad6750fcc43c895c4d6ea7f9b0de3ef1dbe51937ada3b2,49,"3,3,3,3,3,3,3,3,3,3,3,3,3,3,3,3,3,3,3,3,3,3,3,3,3,3,3,3,3,3,4,4",0,3.6666666666666665,6,14,False
control_random_dirty,ba312fae7481a4f3223d37c6ba99bb9677e8a5c44c7585b72f1fa1ad0451ca90,49,"3,3,3,3,3,3,3,3,3,3,3,3,3,3,3,3,3,3,3,3,3,3,3,3,3,3,3,3,3,3,4,4",0,2.1666666666666665,4,14,False
control_random_dirty,f845ec2360e6d2de68c62cad983a15c696499ab2d12f615110d97c360c52dc40,49,"3,3,3,3,3,3,3,3,3,3,3,3,3,3,3,3,3,3,3,3,3,3,3,3,3,3,3,3,3,3,4,4",1,4.333333333333333,7,16,True
control_random_dirty,38d25fbdd010076c1d845b71a903a1cfb162a117c4a42325c11c4519bd203141,49,"3,3,3,3,3,3,3,3,3,3,3,3,3,3,3,3,3,3,3,3,3,3,3,3,3,3,3,3,3,3,4,4",0,1.3333333333333333,2,14,False
control_random_dirty,184488ed34b05a8c9b2f8558ed67d9285d619ff45490453cc007fb78078ef4dc,48,"3,3,3,3,3,3,3,3,3,3,3,3,3,3,3,3,3,3,3,3,3,3,3,3,3,3,3,3,3,3,3,3",1,3.3333333333333335,5,16,True
control_random_dirty,5ecadeec1c1f5dd680ca9c7ce924b03570afdd90f320ac7bfaca2d1e8d88f36f,49,"3,3,3,3,3,3,3,3,3,3,3,3,3,3,3,3,3,3,3,3,3,3,3,3,3,3,3,3,3,3,4,4",0,4.333333333333333,7,14,False
control_random_dirty,96670561d6c80deb02532b7f9680e9dda8ee3f1c33b56d5091affd7e0e364223,49,"3,3,3,3,3,3,3,3,3,3,3,3,3,3,3,3,3,3,3,3,3,3,3,3,3,3,3,3,3,3,3,5",1,4.333333333333333,8,16,True
control_random_dirty,5d602df3c068fa36583a53ce8795b43d357cfbcd775e9bbc9432c50707dd9e5a,49,"3,3,3,3,3,3,3,3,3,3,3,3,3,3,3,3,3,3,3,3,3,3,3,3,3,3,3,3,3,3,4,4",0,2.3333333333333335,4,14,False
control_random_dirty,132bf5495231b75d87134620b73998604471a55b019a9f7d3f9dfdd9759a8655,49,"3,3,3,3,3,3,3,3,3,3,3,3,3,3,3,3,3,3,3,3,3,3,3,3,3,3,3,3,3,3,4,4",2,4.666666666666667,7,16,True
control_random_dirty,074003791927b6aa153fbb136ccfeb08756907b755aaaae0d123d8b36a1846c8,49,"3,3,3,3,3,3,3,3,3,3,3,3,3,3,3,3,3,3,3,3,3,3,3,3,3,3,3,3,3,3,4,4",2,5.0,7,16,True
control_random_dirty,1a1a39776e811e295ae5661358d0ce21589587b04882d92dd3814622230a6b15,49,"3,3,3,3,3,3,3,3,3,3,3,3,3,3,3,3,3,3,3,3,3,3,3,3,3,3,3,3,3,3,4,4",0,2.3333333333333335,4,14,False
control_random_dirty,445aa603ee7e29bd4663f295b9d64672952a357c94ad0dac6d4655bd1d551afc,49,"3,3,3,3,3,3,3,3,3,3,3,3,3,3,3,3,3,3,3,3,3,3,3,3,3,3,3,3,3,3,4,4",0,2.5,4,12,False
control_random_dirty,d2ec89fc3fbf633ff470952c76d1f8591837027d4d21e856496a20e4fd00833c,48,"3,3,3,3,3,3,3,3,3,3,3,3,3,3,3,3,3,3,3,3,3,3,3,3,3,3,3,3,3,3,3,3",2,5.0,9,16,True
control_random_dirty,9f650ffaf6f05bf52a33fee00aafe8e244540c23757d2480bd27800827c11410,49,"3,3,3,3,3,3,3,3,3,3,3,3,3,3,3,3,3,3,3,3,3,3,3,3,3,3,3,3,3,3,4,4",1,3.0,5,16,True
control_random_dirty,b60b098b7d762584ca313e9332aa2ba00659e2e501c7315787be1c5116178dfa,49,"3,3,3,3,3,3,3,3,3,3,3,3,3,3,3,3,3,3,3,3,3,3,3,3,3,3,3,3,3,3,4,4",2,3.1666666666666665,5,16,True
control_random_dirty,c6d4b78123ce4053670c15546302ae16e24f55f7b10e224cc2c454e0f9da22d0,49,"3,3,3,3,3,3,3,3,3,3,3,3,3,3,3,3,3,3,3,3,3,3,3,3,3,3,3,3,3,3,4,4",0,3.8333333333333335,6,14,False
control_random_dirty,98445a9e9dd7c6909037ba8f0da7716feb9e09bb3a9e2fb063234d74a4cc33ab,49,"3,3,3,3,3,3,3,3,3,3,3,3,3,3,3,3,3,3,3,3,3,3,3,3,3,3,3,3,3,3,4,4",1,2.5,4,16,True
control_random_dirty,c6c9c5a7965495aeaa7bbb78291b4e0b854cf32d85da80115898a9659d8fd3d0,49,"3,3,3,3,3,3,3,3,3,3,3,3,3,3,3,3,3,3,3,3,3,3,3,3,3,3,3,3,3,3,4,4",1,3.8333333333333335,7,16,True
control_random_dirty,abab8e47f81262a129e98ff65e7125eac0cd835a0126fb3c3ae38c92480816a7,48,"3,3,3,3,3,3,3,3,3,3,3,3,3,3,3,3,3,3,3,3,3,3,3,3,3,3,3,3,3,3,3,3",2,5.5,11,16,True
control_random_dirty,72b76e1731e28bc1a348d79dae3e7d5094d7bec98e4036b92aa000cecc88fdf7,49,"3,3,3,3,3,3,3,3,3,3,3,3,3,3,3,3,3,3,3,3,3,3,3,3,3,3,3,3,3,3,4,4",2,5.166666666666667,7,16,True
control_random_dirty,17aa9316e61a85e7511b9937130f925b196d22f534399ba3309a36f976c66af5,49,"3,3,3,3,3,3,3,3,3,3,3,3,3,3,3,3,3,3,3,3,3,3,3,3,3,3,3,3,3,3,4,4",2,6.0,9,16,True
control_random_dirty,b1d2be784ec672da67b60f5a9cff9af27d9b52c9f5f736d1157bdd05160e95d6,49,"3,3,3,3,3,3,3,3,3,3,3,3,3,3,3,3,3,3,3,3,3,3,3,3,3,3,3,3,3,3,4,4",0,4.333333333333333,7,14,False
control_random_dirty,10dc0724b74675e6c4e0c43cc36958ca3a1fe02180f6b47617e6c0d4d3c2345a,49,"3,3,3,3,3,3,3,3,3,3,3,3,3,3,3,3,3,3,3,3,3,3,3,3,3,3,3,3,3,3,4,4",1,3.5,6,16,True
control_random_dirty,8446131cb6476fbcfe697820a901a4a01d69a8bb84e3bb7cac44b6694e74ec4d,48,"3,3,3,3,3,3,3,3,3,3,3,3,3,3,3,3,3,3,3,3,3,3,3,3,3,3,3,3,3,3,3,3",1,3.3333333333333335,5,16,True
control_random_dirty,7b2c8821061b1ccfd77f554900a9050d6b38b83a110f12761c9d151c64da302c,49,"3,3,3,3,3,3,3,3,3,3,3,3,3,3,3,3,3,3,3,3,3,3,3,3,3,3,3,3,3,3,3,5",1,4.0,8,16,True
control_random_dirty,afe2c16a858e18e7a9b2463e339f823101ac857734aa7932c7a5381f8628bb78,49,"3,3,3,3,3,3,3,3,3,3,3,3,3,3,3,3,3,3,3,3,3,3,3,3,3,3,3,3,3,3,4,4",0,1.8333333333333333,3,14,False
control_random_dirty,f888f2698331ad3ff14da2d42a5715911f7e5b5beacd11db8937e200eed17ac4,49,"3,3,3,3,3,3,3,3,3,3,3,3,3,3,3,3,3,3,3,3,3,3,3,3,3,3,3,3,3,3,4,4",0,3.8333333333333335,7,15,False
control_random_dirty,663839ed22c535afb4481a342f34b9a79f058212523425050ee3a2975b0519af,49,"3,3,3,3,3,3,3,3,3,3,3,3,3,3,3,3,3,3,3,3,3,3,3,3,3,3,3,3,3,3,4,4",1,2.3333333333333335,4,16,True
control_random_dirty,470b3d905956a8bc579abf39dbc3b5ec3a576baf2c6017503aaa5a8276bc4708,49,"3,3,3,3,3,3,3,3,3,3,3,3,3,3,3,3,3,3,3,3,3,3,3,3,3,3,3,3,3,3,4,4",1,2.8333333333333335,5,16,True
control_random_dirty,4471cf34d02ed328abac4866443dc7e4d1cb23bed6307907cf1fb1156f66f28c,49,"3,3,3,3,3,3,3,3,3,3,3,3,3,3,3,3,3,3,3,3,3,3,3,3,3,3,3,3,3,3,4,4",0,6.666666666666667,10,13,False
control_random_dirty,19520402831400ea5af91c32688ff91d60b64c353dc614b5916bfbad6874a968,49,"3,3,3,3,3,3,3,3,3,3,3,3,3,3,3,3,3,3,3,3,3,3,3,3,3,3,3,3,3,3,4,4",1,2.0,4,16,True
control_random_dirty,ef759c3858034ae1fc082f57a461f81e7fdf9429200c0b0d20b07c61abcc2775,49,"3,3,3,3,3,3,3,3,3,3,3,3,3,3,3,3,3,3,3,3,3,3,3,3,3,3,3,3,3,3,4,4",1,3.3333333333333335,6,16,True
control_random_dirty,5237e16b202febdd308e6009c4a9f6fe172c922759c2aeeb97b882bb6c6ee0c1,49,"3,3,3,3,3,3,3,3,3,3,3,3,3,3,3,3,3,3,3,3,3,3,3,3,3,3,3,3,3,3,4,4",0,3.5,5,14,False
