graph_hash,profile,cycle_i,cycle_j,distance,shared_vertices,shared_edges
fcc1ebef9787b30c47d8bd47a0afa53140e32d0a056d2d3ca678ba5ec56fb815,"(4,0,0,0)",0,1,1,0,0
fcc1ebef9787b30c47d8bd47a0afa53140e32d0a056d2d3ca678ba5ec56fb815,"(4,0,0,0)",0,2,8,0,0
fcc1ebef9787b30c47d8bd47a0afa53140e32d0a056d2d3ca678ba5ec56fb815,"(4,0,0,0)",0,3,8,0,0
fcc1ebef9787b30c47d8bd47a0afa53140e32d0a056d2d3ca678ba5ec56fb815,"(4,0,0,0)",1,2,8,0,0
fcc1ebef9787b30c47d8bd47a0afa53140e32d0a056d2d3ca678ba5ec56fb815,"(4,0,0,0)",1,3,8,0,0
fcc1ebef9787b30c47d8bd47a0afa53140e32d0a056d2d3ca678ba5ec56fb815,"(4,0,0,0)",2,3,7,0,0
50bfb6cfbe4149071ceda731d4539a93efb43767003d02cac5e651255a73b171,"(4,0,0,0)",0,1,3,0,0
50bfb6cfbe4149071ceda731d4539a93efb43767003d02cac5e651255a73b171,"(4,0,0,0)",0,2,4,0,0
50bfb6cfbe4149071ceda731d4539a93efb43767003d02cac5e651255a73b171,"(4,0,0,0)",0,3,7,0,0
50bfb6cfbe4149071ceda731d4539a93efb43767003d02cac5e651255a73b171,"(4,0,0,0)",1,2,6,0,0
50bfb6cfbe4149071ceda731d4539a93efb43767003d02cac5e651255a73b171,"(4,0,0,0)",1,3,7,0,0
50bfb6cfbe4149071ceda731d4539a93efb43767003d02cac5e651255a73b171,"(4,0,0,0)",2,3,7,0,0
17ace8e2724be053be9cb590223e5791a67971d43dc7652492b570c7fdcc6770,"(4,0,0,0)",0,1,3,0,0
17ace8e2724be053be9cb590223e5791a67971d43dc7652492b570c7fdcc6770,"(4,0,0,0)",0,2,4,0,0
17ace8e2724be053be9cb590223e5791a67971d43dc7652492b570c7fdcc6770,"(4,0,0,0)",0,3,7,0,0
17ace8e2724be053be9cb590223e5791a67971d43dc7652492b570c7fdcc6770,"(4,0,0,0)",1,2,6,0,0
17ace8e2724be053be9cb590223e5791a67971d43dc7652492b570c7fdcc6770,"(4,0,0,0)",1,3,7,0,0
17ace8e2724be053be9cb590223e5791a67971d43dc7652492b570c7fdcc6770,"(4,0,0,0)",2,3,10,0,0
fcc715f29ac61e27d6e71cb38a062eca4c2fc3ea292761b5a8eeaabf577533cd,"(4,0,0,0)",0,1,3,0,0
fcc715f29ac61e27d6e71cb38a062eca4c2fc3ea292761b5a8eeaabf577533cd,"(4,0,0,0)",0,2,4,0,0
fcc715f29ac61e27d6e71cb38a062eca4c2fc3ea292761b5a8eeaabf577533cd,"(4,0,0,0)",0,3,7,0,0
fcc715f29ac61e27d6e71cb38a062eca4c2fc3ea292761b5a8eeaabf577533cd,"(4,0,0,0)",1,2,6,0,0
fcc715f29ac61e27d6e71cb38a062eca4c2fc3ea292761b5a8eeaabf577533cd,"(4,0,0,0)",1,3,7,0,0
fcc715f29ac61e27d6e71cb38a062eca4c2fc3ea292761b5a8eeaabf577533cd,"(4,0,0,0)",2,3,10,0,0
c3426e3b68f638cd51c5b4407a681824980d607d0b3481cd3801ee53425d9b5a,"(4,0,0,0)",0,1,3,0,0
c3426e3b68f638cd51c5b4407a681824980d607d0b3481cd3801ee53425d9b5a,"(4,0,0,0)",0,2,3,0,0
c3426e3b68f638cd51c5b4407a681824980d607d0b3481cd3801ee53425d9b5a,"(4,0,0,0)",0,3,7,0,0
c3426e3b68f638cd51c5b4407a681824980d607d0b3481cd3801ee53425d9b5a,"(4,0,0,0)",1,2,6,0,0
c3426e3b68f638cd51c5b4407a681824980d607d0b3481cd3801ee53425d9b5a,"(4,0,0,0)",1,3,7,0,0
c3426e3b68f638cd51c5b4407a681824980d607d0b3481cd3801ee53425d9b5a,"(4,0,0,0)",2,3,10,0,0
2dccabcf1da8c78195dcbd6320e95c52dc0c87c3acc4ad801ffb726f55f1eb5c,"(4,0,0,0)",0,1,3,0,0
2dccabcf1da8c78195dcbd6320e95c52dc0c87c3acc4ad801ffb726f55f1eb5c,"(4,0,0,0)",0,2,4,0,0
2dccabcf1da8c78195dcbd6320e95c52dc0c87c3acc4ad801ffb726f55f1eb5c,"(4,0,0,0)",0,3,7,0,0
2dccabcf1da8c78195dcbd6320e95c52dc0c87c3acc4ad801ffb726f55f1eb5c,"(4,0,0,0)",1,2,6,0,0
2dccabcf1da8c78195dcbd6320e95c52dc0c87c3acc4ad801ffb726f55f1eb5c,"(4,0,0,0)",1,3,7,0,0
2dccabcf1da8c78195dcbd6320e95c52dc0c87c3acc4ad801ffb726f55f1eb5c,"(4,0,0,0)",2,3,7,0,0
ec157217bb0cf631e78554c078325683f7a2381f905f28bd641c06dce40fc272,"(4,0,0,0)",0,1,3,0,0
ec157217bb0cf631e78554c078325683f7a2381f905f28bd641c06dce40fc272,"(4,0,0,0)",0,2,8,0,0
ec157217bb0cf631e78554c078325683f7a2381f905f28bd641c06dce40fc272,"(4,0,0,0)",0,3,5,0,0
ec157217bb0cf631e78554c078325683f7a2381f905f28bd641c06dce40fc272,"(4,0,0,0)",1,2,7,0,0
ec157217bb0cf631e78554c078325683f7a2381f905f28bd641c06dce40fc272,"(4,0,0,0)",1,3,4,0,0
ec157217bb0cf631e78554c078325683f7a2381f905f28bd641c06dce40fc272,"(4,0,0,0)",2,3,7,0,0
cc173316c6833592466563352693b1f93fc643804ca684968e80c25fe7c8899c,"(4,0,0,0)",0,1,1,0,0
cc173316c6833592466563352693b1f93fc643804ca684968e80c25fe7c8899c,"(4,0,0,0)",0,2,5,0,0
cc173316c6833592466563352693b1f93fc643804ca684968e80c25fe7c8899c,"(4,0,0,0)",0,3,8,0,0
cc173316c6833592466563352693b1f93fc643804ca684968e80c25fe7c8899c,"(4,0,0,0)",1,2,5,0,0
cc173316c6833592466563352693b1f93fc643804ca684968e80c25fe7c8899c,"(4,0,0,0)",1,3,8,0,0
cc173316c6833592466563352693b1f93fc643804ca684968e80c25fe7c8899c,"(4,0,0,0)",2,3,7,0,0
29c918618c73fbd285cbdd9cc55726de661b79ca88bbe7a58613d6175d6fef01,"(4,0,0,0)",0,1,1,0,0
29c918618c73fbd285cbdd9cc55726de661b79ca88bbe7a58613d6175d6fef01,"(4,0,0,0)",0,2,8,0,0
29c918618c73fbd285cbdd9cc55726de661b79ca88bbe7a58613d6175d6fef01,"(4,0,0,0)",0,3,8,0,0
29c918618c73fbd285cbdd9cc55726de661b79ca88bbe7a58613d6175d6fef01,"(4,0,0,0)",1,2,8,0,0
29c918618c73fbd285cbdd9cc55726de661b79ca88bbe7a58613d6175d6fef01,"(4,0,0,0)",1,3,8,0,0
29c918618c73fbd285cbdd9cc55726de661b79ca88bbe7a58613d6175d6fef01,"(4,0,0,0)",2,3,4,0,0
8d1e81cf5a8a48f686a35278d98969338fa6c9eb1b12be1c0577fdb092a33b96,"(4,0,0,0)",0,1,2,0,0
8d1e81cf5a8a48f686a35278d98969338fa6c9eb1b12be1c0577fdb092a33b96,"(4,0,0,0)",0,2,4,0,0
8d1e81cf5a8a48f686a35278d98969338fa6c9eb1b12be1c0577fdb092a33b96,"(4,0,0,0)",0,3,7,0,0
8d1e81cf5a8a48f686a35278d98969338fa6c9eb1b12be1c0577fdb092a33b96,"(4,0,0,0)",1,2,4,0,0
8d1e81cf5a8a48f686a35278d98969338fa6c9eb1b12be1c0577fdb092a33b96,"(4,0,0,0)",1,3,7,0,0
8d1e81cf5a8a48f686a35278d98969338fa6c9eb1b12be1c0577fdb092a33b96,"(4,0,0,0)",2,3,7,0,0
d5d7443b7fee87c54aad90c252be732c4a8f4faa43a50158e6a08c5753489a72,"(4,0,0,0)",0,1,3,0,0
d5d7443b7fee87c54aad90c252be732c4a8f4faa43a50158e6a08c5753489a72,"(4,0,0,0)",0,2,6,0,0
d5d7443b7fee87c54aad90c252be732c4a8f4faa43a50158e6a08c5753489a72,"(4,0,0,0)",0,3,7,0,0
d5d7443b7fee87c54aad90c252be732c4a8f4faa43a50158e6a08c5753489a72,"(4,0,0,0)",1,2,4,0,0
d5d7443b7fee87c54aad90c252be732c4a8f4faa43a50158e6a08c5753489a72,"(4,0,0,0)",1,3,7,0,0
d5d7443b7fee87c54aad90c252be732c4a8f4faa43a50158e6a08c5753489a72,"(4,0,0,0)",2,3,7,0,0
0fd9f8ea847055c98213c7fd7df89c015c3bfb821e52785394713def46012932,"(4,0,0,0)",0,1,2,0,0
0fd9f8ea847055c98213c7fd7df89c015c3bfb821e52785394713def46012932,"(4,0,0,0)",0,2,5,0,0
0fd9f8ea847055c98213c7fd7df89c015c3bfb821e52785394713def46012932,"(4,0,0,0)",0,3,6,0,0
0fd9f8ea847055c98213c7fd7df89c015c3bfb821e52785394713def46012932,"(4,0,0,0)",1,2,6,0,0
0fd9f8ea847055c98213c7fd7df89c015c3bfb821e52785394713def46012932,"(4,0,0,0)",1,3,7,0,0
0fd9f8ea847055c98213c7fd7df89c015c3bfb821e52785394713def46012932,"(4,0,0,0)",2,3,10,0,0
f76e794b6f444c3d22ba2093c46de7489a17f64f3716da949c93ff56c2de105f,"(4,0,0,0)",0,1,3,0,0
f76e794b6f444c3d22ba2093c46de7489a17f64f3716da949c93ff56c2de105f,"(4,0,0,0)",0,2,4,0,0
f76e794b6f444c3d22ba2093c46de7489a17f64f3716da949c93ff56c2de105f,"(4,0,0,0)",0,3,7,0,0
f76e794b6f444c3d22ba2093c46de7489a17f64f3716da949c93ff56c2de105f,"(4,0,0,0)",1,2,6,0,0
f76e794b6f444c3d22ba2093c46de7489a17f64f3716da949c93ff56c2de105f,"(4,0,0,0)",1,3,7,0,0
f76e794b6f444c3d22ba2093c46de7489a17f64f3716da949c93ff56c2de105f,"(4,0,0,0)",2,3,10,0,0
b47179c4bc195e3d458fc05f3007997b29c46a1213170239955128f4bae8e266,"(4,0,0,0)",0,1,3,0,0
b47179c4bc195e3d458fc05f3007997b29c46a1213170239955128f4bae8e266,"(4,0,0,0)",0,2,7,0,0
b47179c4bc195e3d458fc05f3007997b29c46a1213170239955128f4bae8e266,"(4,0,0,0)",0,3,4,0,0
b47179c4bc195e3d458fc05f3007997b29c46a1213170239955128f4bae8e266,"(4,0,0,0)",1,2,7,0,0
b47179c4bc195e3d458fc05f3007997b29c46a1213170239955128f4bae8e266,"(4,0,0,0)",1,3,6,0,0
b47179c4bc195e3d458fc05f3007997b29c46a1213170239955128f4bae8e266,"(4,0,0,0)",2,3,7,0,0
e3323c59474d87553b5fd77a3a5022775e98653092606b0aa0fac8aceb9ea745,"(4,0,0,0)",0,1,4,0,0
e3323c59474d87553b5fd77a3a5022775e98653092606b0aa0fac8aceb9ea745,"(4,0,0,0)",0,2,7,0,0
e3323c59474d87553b5fd77a3a5022775e98653092606b0aa0fac8aceb9ea745,"(4,0,0,0)",0,3,4,0,0
e3323c59474d87553b5fd77a3a5022775e98653092606b0aa0fac8aceb9ea745,"(4,0,0,0)",1,2,9,0,0
e3323c59474d87553b5fd77a3a5022775e98653092606b0aa0fac8aceb9ea745,"(4,0,0,0)",1,3,6,0,0
e3323c59474d87553b5fd77a3a5022775e98653092606b0aa0fac8aceb9ea745,"(4,0,0,0)",2,3,7,0,0
5677bee96b9b846842d3b53f6c99076e42e3916439af1ee4fa17e1fc15c95677,"(4,0,0,0)",0,1,3,0,0
5677bee96b9b846842d3b53f6c99076e42e3916439af1ee4fa17e1fc15c95677,"(4,0,0,0)",0,2,8,0,0
5677bee96b9b846842d3b53f6c99076e42e3916439af1ee4fa17e1fc15c95677,"(4,0,0,0)",0,3,5,0,0
5677bee96b9b846842d3b53f6c99076e42e3916439af1ee4fa17e1fc15c95677,"(4,0,0,0)",1,2,7,0,0
5677bee96b9b846842d3b53f6c99076e42e3916439af1ee4fa17e1fc15c95677,"(4,0,0,0)",1,3,4,0,0
5677bee96b9b846842d3b53f6c99076e42e3916439af1ee4fa17e1fc15c95677,"(4,0,0,0)",2,3,7,0,0
d7802b9a9bf00594c5f82d880633561bd7a9904d48beca10ee210cb5a778eb6f,"(4,0,0,0)",0,1,3,0,0
d7802b9a9bf00594c5f82d880633561bd7a9904d48beca10ee210cb5a778eb6f,"(4,0,0,0)",0,2,8,0,0
d7802b9a9bf00594c5f82d880633561bd7a9904d48beca10ee210cb5a778eb6f,"(4,0,0,0)",0,3,5,0,0
d7802b9a9bf00594c5f82d880633561bd7a9904d48beca10ee210cb5a778eb6f,"(4,0,0,0)",1,2,7,0,0
d7802b9a9bf00594c5f82d880633561bd7a9904d48beca10ee210cb5a778eb6f,"(4,0,0,0)",1,3,4,0,0
d7802b9a9bf00594c5f82d880633561bd7a9904d48beca10ee210cb5a778eb6f,"(4,0,0,0)",2,3,7,0,0
80c9c4dec29035fcbbd2ebf9093ea94065895bca26191300cf29ab61e5b41103,"(4,0,0,0)",0,1,3,0,0
80c9c4dec29035fcbbd2ebf9093ea94065895bca26191300cf29ab61e5b41103,"(4,0,0,0)",0,2,5,0,0
80c9c4dec29035fcbbd2ebf9093ea94065895bca26191300cf29ab61e5b41103,"(4,0,0,0)",0,3,6,0,0
80c9c4dec29035fcbbd2ebf9093ea94065895bca26191300cf29ab61e5b41103,"(4,0,0,0)",1,2,7,0,0
80c9c4dec29035fcbbd2ebf9093ea94065895bca26191300cf29ab61e5b41103,"(4,0,0,0)",1,3,7,0,0
80c9c4dec29035fcbbd2ebf9093ea94065895bca26191300cf29ab61e5b41103,"(4,0,0,0)",2,3,10,0,0
acf8b0601870632e43d0ad6c3a5f199f772a1e86946b0351da4ba8eaf0599f09,"(4,0,0,0)",0,1,3,0,0
acf8b0601870632e43d0ad6c3a5f199f772a1e86946b0351da4ba8eaf0599f09,"(4,0,0,0)",0,2,8,0,0
acf8b0601870632e43d0ad6c3a5f199f772a1e86946b0351da4ba8eaf0599f09,"(4,0,0,0)",0,3,8,0,0
acf8b0601870632e43d0ad6c3a5f199f772a1e86946b0351da4ba8eaf0599f09,"(4,0,0,0)",1,2,8,0,0
acf8b0601870632e43d0ad6c3a5f199f772a1e86946b0351da4ba8eaf0599f09,"(4,0,0,0)",1,3,8,0,0
acf8b0601870632e43d0ad6c3a5f199f772a1e86946b0351da4ba8eaf0599f09,"(4,0,0,0)",2,3,7,0,0
f398dd9300c3f37fa91baeba758bea04d9239cb6d1b18abccfd25d252c4e2a22,"(4,0,0,0)",0,1,3,0,0
f398dd9300c3f37fa91baeba758bea04d9239cb6d1b18abccfd25d252c4e2a22,"(4,0,0,0)",0,2,4,0,0
f398dd9300c3f37fa91baeba758bea04d9239cb6d1b18abccfd25d252c4e2a22,"(4,0,0,0)",0,3,7,0,0
f398dd9300c3f37fa91baeba758bea04d9239cb6d1b18abccfd25d252c4e2a22,"(4,0,0,0)",1,2,6,0,0
f398dd9300c3f37fa91baeba758bea04d9239cb6d1b18abccfd25d252c4e2a22,"(4,0,0,0)",1,3,7,0,0
f398dd9300c3f37fa91baeba758bea04d9239cb6d1b18abccfd25d252c4e2a22,"(4,0,0,0)",2,3,7,0,0
6bd8f9145c419b95a402b3f22b4e6c4d13eb4c8ab066741c2191939fba6611e4,"(4,0,0,0)",0,1,7,0,0
6bd8f9145c419b95a402b3f22b4e6c4d13eb4c8ab066741c2191939fba6611e4,"(4,0,0,0)",0,2,10,0,0
6bd8f9145c419b95a402b3f22b4e6c4d13eb4c8ab066741c2191939fba6611e4,"(4,0,0,0)",0,3,5,0,0
6bd8f9145c419b95a402b3f22b4e6c4d13eb4c8ab066741c2191939fba6611e4,"(4,0,0,0)",1,2,10,0,0
6bd8f9145c419b95a402b3f22b4e6c4d13eb4c8ab066741c2191939fba6611e4,"(4,0,0,0)",1,3,5,0,0
6bd8f9145c419b95a402b3f22b4e6c4d13eb4c8ab066741c2191939fba6611e4,"(4,0,0,0)",2,3,3,0,0
57ffcbc5208de7aae826ebb1ddfe598a2ce9eb0a021e952970bbea4cfbf4d5df,"(4,0,0,0)",0,1,3,0,0
57ffcbc5208de7aae826ebb1ddfe598a2ce9eb0a021e952970bbea4cfbf4d5df,"(4,0,0,0)",0,2,7,0,0
57ffcbc5208de7aae826ebb1ddfe598a2ce9eb0a021e952970bbea4cfbf4d5df,"(4,0,0,0)",0,3,4,0,0
57ffcbc5208de7aae826ebb1ddfe598a2ce9eb0a021e952970bbea4cfbf4d5df,"(4,0,0,0)",1,2,8,0,0
57ffcbc5208de7aae826ebb1ddfe598a2ce9eb0a021e952970bbea4cfbf4d5df,"(4,0,0,0)",1,3,5,0,0
57ffcbc5208de7aae826ebb1ddfe598a2ce9eb0a021e952970bbea4cfbf4d5df,"(4,0,0,0)",2,3,7,0,0
8afa1624a15c9b995cb952a175ebb73873c5715b09a94614702e28a0e0f8a53b,"(4,0,0,0)",0,1,1,0,0
8afa1624a15c9b995cb952a175ebb73873c5715b09a94614702e28a0e0f8a53b,"(4,0,0,0)",0,2,8,0,0
8afa1624a15c9b995cb952a175ebb73873c5715b09a94614702e28a0e0f8a53b,"(4,0,0,0)",0,3,8,0,0
8afa1624a15c9b995cb952a175ebb73873c5715b09a94614702e28a0e0f8a53b,"(4,0,0,0)",1,2,8,0,0
8afa1624a15c9b995cb952a175ebb73873c5715b09a94614702e28a0e0f8a53b,"(4,0,0,0)",1,3,8,0,0
8afa1624a15c9b995cb952a175ebb73873c5715b09a94614702e28a0e0f8a53b,"(4,0,0,0)",2,3,7,0,0
924f4adfe64611ccde15f12e4e139c3a910e7b0c63c3df57476d6d32a5e1b88f,"(4,0,0,0)",0,1,3,0,0
924f4adfe64611ccde15f12e4e139c3a910e7b0c63c3df57476d6d32a5e1b88f,"(4,0,0,0)",0,2,8,0,0
924f4adfe64611ccde15f12e4e139c3a910e7b0c63c3df57476d6d32a5e1b88f,"(4,0,0,0)",0,3,8,0,0
924f4adfe64611ccde15f12e4e139c3a910e7b0c63c3df57476d6d32a5e1b88f,"(4,0,0,0)",1,2,8,0,0
924f4adfe64611ccde15f12e4e139c3a910e7b0c63c3df57476d6d32a5e1b88f,"(4,0,0,0)",1,3,8,0,0
924f4adfe64611ccde15f12e4e139c3a910e7b0c63c3df57476d6d32a5e1b88f,"(4,0,0,0)",2,3,7,0,0
e999eab4d25db71f71ea7b83a392e6e4cd7badf2c5a6c79b7b46c5a55df40122,"(4,0,0,0)",0,1,8,0,0
e999eab4d25db71f71ea7b83a392e6e4cd7badf2c5a6c79b7b46c5a55df40122,"(4,0,0,0)",0,2,8,0,0
e999eab4d25db71f71ea7b83a392e6e4cd7badf2c5a6c79b7b46c5a55df40122,"(4,0,0,0)",0,3,2,0,0
e999eab4d25db71f71ea7b83a392e6e4cd7badf2c5a6c79b7b46c5a55df40122,"(4,0,0,0)",1,2,7,0,0
e999eab4d25db71f71ea7b83a392e6e4cd7badf2c5a6c79b7b46c5a55df40122,"(4,0,0,0)",1,3,8,0,0
e999eab4d25db71f71ea7b83a392e6e4cd7badf2c5a6c79b7b46c5a55df40122,"(4,0,0,0)",2,3,8,0,0
100287ca17544787cb00390ffc026ff8ca682e06ac86553b7c223ea5ef19be37,"(4,0,0,0)",0,1,7,0,0
100287ca17544787cb00390ffc026ff8ca682e06ac86553b7c223ea5ef19be37,"(4,0,0,0)",0,2,10,0,0
100287ca17544787cb00390ffc026ff8ca682e06ac86553b7c223ea5ef19be37,"(4,0,0,0)",0,3,5,0,0
100287ca17544787cb00390ffc026ff8ca682e06ac86553b7c223ea5ef19be37,"(4,0,0,0)",1,2,10,0,0
100287ca17544787cb00390ffc026ff8ca682e06ac86553b7c223ea5ef19be37,"(4,0,0,0)",1,3,5,0,0
100287ca17544787cb00390ffc026ff8ca682e06ac86553b7c223ea5ef19be37,"(4,0,0,0)",2,3,3,0,0
e2e82d6036814ae375314332072d8212e2eb70ea0e9c1d5bb95e16d14a3c4568,"(4,0,0,0)",0,1,2,0,0
e2e82d6036814ae375314332072d8212e2eb70ea0e9c1d5bb95e16d14a3c4568,"(4,0,0,0)",0,2,4,0,0
e2e82d6036814ae375314332072d8212e2eb70ea0e9c1d5bb95e16d14a3c4568,"(4,0,0,0)",0,3,7,0,0
e2e82d6036814ae375314332072d8212e2eb70ea0e9c1d5bb95e16d14a3c4568,"(4,0,0,0)",1,2,4,0,0
e2e82d6036814ae375314332072d8212e2eb70ea0e9c1d5bb95e16d14a3c4568,"(4,0,0,0)",1,3,7,0,0
e2e82d6036814ae375314332072d8212e2eb70ea0e9c1d5bb95e16d14a3c4568,"(4,0,0,0)",2,3,7,0,0
d1017f5a43b7e130005dc6536c462e85907a61f2068fdaa6dd089a36aee45bf1,"(4,0,0,0)",0,1,1,0,0
d1017f5a43b7e130005dc6536c462e85907a61f2068fdaa6dd089a36aee45bf1,"(4,0,0,0)",0,2,8,0,0
d1017f5a43b7e130005dc6536c462e85907a61f2068fdaa6dd089a36aee45bf1,"(4,0,0,0)",0,3,5,0,0
d1017f5a43b7e130005dc6536c462e85907a61f2068fdaa6dd089a36aee45bf1,"(4,0,0,0)",1,2,9,0,0
d1017f5a43b7e130005dc6536c462e85907a61f2068fdaa6dd089a36aee45bf1,"(4,0,0,0)",1,3,6,0,0
d1017f5a43b7e130005dc6536c462e85907a61f2068fdaa6dd089a36aee45bf1,"(4,0,0,0)",2,3,7,0,0
8cca1bf7307c80ca83f906e65d1d2a09f27cc1b7a0c40aa1ad893229ba676c7f,"(4,0,0,0)",0,1,3,0,0
8cca1bf7307c80ca83f906e65d1d2a09f27cc1b7a0c40aa1ad893229ba676c7f,"(4,0,0,0)",0,2,5,0,0
8cca1bf7307c80ca83f906e65d1d2a09f27cc1b7a0c40aa1ad893229ba676c7f,"(4,0,0,0)",0,3,5,0,0
8cca1bf7307c80ca83f906e65d1d2a09f27cc1b7a0c40aa1ad893229ba676c7f,"(4,0,0,0)",1,2,4,0,0
8cca1bf7307c80ca83f906e65d1d2a09f27cc1b7a0c40aa1ad893229ba676c7f,"(4,0,0,0)",1,3,4,0,0
8cca1bf7307c80ca83f906e65d1d2a09f27cc1b7a0c40aa1ad893229ba676c7f,"(4,0,0,0)",2,3,6,0,0
1ee8d6745f6ed06d2e934e9e0e7df3a05085905e1163f12c2d7b0d9968b0f0ac,"(4,0,0,0)",0,1,1,0,0
1ee8d6745f6ed06d2e934e9e0e7df3a05085905e1163f12c2d7b0d9968b0f0ac,"(4,0,0,0)",0,2,8,0,0
1ee8d6745f6ed06d2e934e9e0e7df3a05085905e1163f12c2d7b0d9968b0f0ac,"(4,0,0,0)",0,3,8,0,0
1ee8d6745f6ed06d2e934e9e0e7df3a05085905e1163f12c2d7b0d9968b0f0ac,"(4,0,0,0)",1,2,9,0,0
1ee8d6745f6ed06d2e934e9e0e7df3a05085905e1163f12c2d7b0d9968b0f0ac,"(4,0,0,0)",1,3,9,0,0
1ee8d6745f6ed06d2e934e9e0e7df3a05085905e1163f12c2d7b0d9968b0f0ac,"(4,0,0,0)",2,3,7,0,0
40942a6f7ac7adccce132a76070ebe138a3fd02ebb7532d23ef83f40f35debf6,"(4,0,0,0)",0,1,5,0,0
40942a6f7ac7adccce132a76070ebe138a3fd02ebb7532d23ef83f40f35debf6,"(4,0,0,0)",0,2,10,0,0
40942a6f7ac7adccce132a76070ebe138a3fd02ebb7532d23ef83f40f35debf6,"(4,0,0,0)",0,3,6,0,0
40942a6f7ac7adccce132a76070ebe138a3fd02ebb7532d23ef83f40f35debf6,"(4,0,0,0)",1,2,4,0,0
40942a6f7ac7adccce132a76070ebe138a3fd02ebb7532d23ef83f40f35debf6,"(4,0,0,0)",1,3,7,0,0
40942a6f7ac7adccce132a76070ebe138a3fd02ebb7532d23ef83f40f35debf6,"(4,0,0,0)",2,3,12,0,0
d3f398665b14031c7289ae87bf153705870a89f6289aff9da7a7a66cc74f31bb,"(4,0,0,0)",0,1,1,0,0
d3f398665b14031c7289ae87bf153705870a89f6289aff9da7a7a66cc74f31bb,"(4,0,0,0)",0,2,8,0,0
d3f398665b14031c7289ae87bf153705870a89f6289aff9da7a7a66cc74f31bb,"(4,0,0,0)",0,3,8,0,0
d3f398665b14031c7289ae87bf153705870a89f6289aff9da7a7a66cc74f31bb,"(4,0,0,0)",1,2,8,0,0
d3f398665b14031c7289ae87bf153705870a89f6289aff9da7a7a66cc74f31bb,"(4,0,0,0)",1,3,8,0,0
d3f398665b14031c7289ae87bf153705870a89f6289aff9da7a7a66cc74f31bb,"(4,0,0,0)",2,3,7,0,0
34d4324764f333472455b965d1bfed2ed3f152fdb956fc1a621622d4b985bc34,"(4,0,0,0)",0,1,1,0,0
34d4324764f333472455b965d1bfed2ed3f152fdb956fc1a621622d4b985bc34,"(4,0,0,0)",0,2,8,0,0
34d4324764f333472455b965d1bfed2ed3f152fdb956fc1a621622d4b985bc34,"(4,0,0,0)",0,3,8,0,0
34d4324764f333472455b965d1bfed2ed3f152fdb956fc1a621622d4b985bc34,"(4,0,0,0)",1,2,9,0,0
34d4324764f333472455b965d1bfed2ed3f152fdb956fc1a621622d4b985bc34,"(4,0,0,0)",1,3,9,0,0
34d4324764f333472455b965d1bfed2ed3f152fdb956fc1a621622d4b985bc34,"(4,0,0,0)",2,3,7,0,0
24e114668f30c3925f577599bbd3577c6bda4bfff127ecaaed8685634f01fd39,"(4,0,0,0)",0,1,1,0,0
24e114668f30c3925f577599bbd3577c6bda4bfff127ecaaed8685634f01fd39,"(4,0,0,0)",0,2,8,0,0
24e114668f30c3925f577599bbd3577c6bda4bfff127ecaaed8685634f01fd39,"(4,0,0,0)",0,3,8,0,0
24e114668f30c3925f577599bbd3577c6bda4bfff127ecaaed8685634f01fd39,"(4,0,0,0)",1,2,9,0,0
24e114668f30c3925f577599bbd3577c6bda4bfff127ecaaed8685634f01fd39,"(4,0,0,0)",1,3,9,0,0
24e114668f30c3925f577599bbd3577c6bda4bfff127ecaaed8685634f01fd39,"(4,0,0,0)",2,3,3,0,0
832101655fa9553e8b43cb18c66db1feaad3d1b8da372a7973ff7a0b2d2e1dd9,"(4,0,0,0)",0,1,4,0,0
832101655fa9553e8b43cb18c66db1feaad3d1b8da372a7973ff7a0b2d2e1dd9,"(4,0,0,0)",0,2,6,0,0
832101655fa9553e8b43cb18c66db1feaad3d1b8da372a7973ff7a0b2d2e1dd9,"(4,0,0,0)",0,3,6,0,0
832101655fa9553e8b43cb18c66db1feaad3d1b8da372a7973ff7a0b2d2e1dd9,"(4,0,0,0)",1,2,10,0,0
832101655fa9553e8b43cb18c66db1feaad3d1b8da372a7973ff7a0b2d2e1dd9,"(4,0,0,0)",1,3,10,0,0
832101655fa9553e8b43cb18c66db1feaad3d1b8da372a7973ff7a0b2d2e1dd9,"(4,0,0,0)",2,3,7,0,0
cc2f06dab3e6e63398d7dbdcd3731b1103a5f81b3f3d2b7c8af490655099df77,"(4,0,0,0)",0,1,4,0,0
cc2f06dab3e6e63398d7dbdcd3731b1103a5f81b3f3d2b7c8af490655099df77,"(4,0,0,0)",0,2,7,0,0
cc2f06dab3e6e63398d7dbdcd3731b1103a5f81b3f3d2b7c8af490655099df77,"(4,0,0,0)",0,3,4,0,0
cc2f06dab3e6e63398d7dbdcd3731b1103a5f81b3f3d2b7c8af490655099df77,"(4,0,0,0)",1,2,11,0,0
cc2f06dab3e6e63398d7dbdcd3731b1103a5f81b3f3d2b7c8af490655099df77,"(4,0,0,0)",1,3,8,0,0
cc2f06dab3e6e63398d7dbdcd3731b1103a5f81b3f3d2b7c8af490655099df77,"(4,0,0,0)",2,3,7,0,0
29b3188f0623b6d6d352252d841513f2c2118451369a2deeae684fef102fa828,"(4,0,0,0)",0,1,8,0,0
29b3188f0623b6d6d352252d841513f2c2118451369a2deeae684fef102fa828,"(4,0,0,0)",0,2,11,0,0
29b3188f0623b6d6d352252d841513f2c2118451369a2deeae684fef102fa828,"(4,0,0,0)",0,3,6,0,0
29b3188f0623b6d6d352252d841513f2c2118451369a2deeae684fef102fa828,"(4,0,0,0)",1,2,12,0,0
29b3188f0623b6d6d352252d841513f2c2118451369a2deeae684fef102fa828,"(4,0,0,0)",1,3,7,0,0
29b3188f0623b6d6d352252d841513f2c2118451369a2deeae684fef102fa828,"(4,0,0,0)",2,3,3,0,0
7597cc1fdcc78a74f6fe489fc1aa80c45335706c709112ef22e9778fd4947429,"(4,0,0,0)",0,1,6,0,0
7597cc1fdcc78a74f6fe489fc1aa80c45335706c709112ef22e9778fd4947429,"(4,0,0,0)",0,2,11,0,0
7597cc1fdcc78a74f6fe489fc1aa80c45335706c709112ef22e9778fd4947429,"(4,0,0,0)",0,3,8,0,0
7597cc1fdcc78a74f6fe489fc1aa80c45335706c709112ef22e9778fd4947429,"(4,0,0,0)",1,2,3,0,0
7597cc1fdcc78a74f6fe489fc1aa80c45335706c709112ef22e9778fd4947429,"(4,0,0,0)",1,3,7,0,0
7597cc1fdcc78a74f6fe489fc1aa80c45335706c709112ef22e9778fd4947429,"(4,0,0,0)",2,3,12,0,0
9aea38fed42227fdf25e39a97897765c56abb2daf678b91d58d81f73748bd62f,"(4,0,0,0)",0,1,8,0,0
9aea38fed42227fdf25e39a97897765c56abb2daf678b91d58d81f73748bd62f,"(4,0,0,0)",0,2,8,0,0
9aea38fed42227fdf25e39a97897765c56abb2daf678b91d58d81f73748bd62f,"(4,0,0,0)",0,3,1,0,0
9aea38fed42227fdf25e39a97897765c56abb2daf678b91d58d81f73748bd62f,"(4,0,0,0)",1,2,7,0,0
9aea38fed42227fdf25e39a97897765c56abb2daf678b91d58d81f73748bd62f,"(4,0,0,0)",1,3,8,0,0
9aea38fed42227fdf25e39a97897765c56abb2daf678b91d58d81f73748bd62f,"(4,0,0,0)",2,3,8,0,0
857ec1b84da31641bef8fe6873b8ab86fd7454405fc02a1613309ce4083bfe2c,"(4,0,0,0)",0,1,3,0,0
857ec1b84da31641bef8fe6873b8ab86fd7454405fc02a1613309ce4083bfe2c,"(4,0,0,0)",0,2,7,0,0
857ec1b84da31641bef8fe6873b8ab86fd7454405fc02a1613309ce4083bfe2c,"(4,0,0,0)",0,3,6,0,0
857ec1b84da31641bef8fe6873b8ab86fd7454405fc02a1613309ce4083bfe2c,"(4,0,0,0)",1,2,6,0,0
857ec1b84da31641bef8fe6873b8ab86fd7454405fc02a1613309ce4083bfe2c,"(4,0,0,0)",1,3,5,0,0
857ec1b84da31641bef8fe6873b8ab86fd7454405fc02a1613309ce4083bfe2c,"(4,0,0,0)",2,3,7,0,0
a747597d27da55110a65b8e9bd1ef50d0e1d2050354bb1662608e7d9c3211ae5,"(4,0,0,0)",0,1,3,0,0
a747597d27da55110a65b8e9bd1ef50d0e1d2050354bb1662608e7d9c3211ae5,"(4,0,0,0)",0,2,6,0,0
a747597d27da55110a65b8e9bd1ef50d0e1d2050354bb1662608e7d9c3211ae5,"(4,0,0,0)",0,3,6,0,0
a747597d27da55110a65b8e9bd1ef50d0e1d2050354bb1662608e7d9c3211ae5,"(4,0,0,0)",1,2,8,0,0
a747597d27da55110a65b8e9bd1ef50d0e1d2050354bb1662608e7d9c3211ae5,"(4,0,0,0)",1,3,8,0,0
a747597d27da55110a65b8e9bd1ef50d0e1d2050354bb1662608e7d9c3211ae5,"(4,0,0,0)",2,3,7,0,0
fda89304a96b8c80ccaaa4ba032d26edcad55e07f7aa5c9718a6ad60db40f239,"(4,0,0,0)",0,1,3,0,0
fda89304a96b8c80ccaaa4ba032d26edcad55e07f7aa5c9718a6ad60db40f239,"(4,0,0,0)",0,2,6,0,0
fda89304a96b8c80ccaaa4ba032d26edcad55e07f7aa5c9718a6ad60db40f239,"(4,0,0,0)",0,3,6,0,0
fda89304a96b8c80ccaaa4ba032d26edcad55e07f7aa5c9718a6ad60db40f239,"(4,0,0,0)",1,2,8,0,0
fda89304a96b8c80ccaaa4ba032d26edcad55e07f7aa5c9718a6ad60db40f239,"(4,0,0,0)",1,3,8,0,0
fda89304a96b8c80ccaaa4ba032d26edcad55e07f7aa5c9718a6ad60db40f239,"(4,0,0,0)",2,3,7,0,0
9b22eb1e5def3ad08c445b4e79feef543ccbf654a6b9f53fe30215f3d7e7d5c3,"(4,0,0,0)",0,1,4,0,0
9b22eb1e5def3ad08c445b4e79feef543ccbf654a6b9f53fe30215f3d7e7d5c3,"(4,0,0,0)",0,2,6,0,0
9b22eb1e5def3ad08c445b4e79feef543ccbf654a6b9f53fe30215f3d7e7d5c3,"(4,0,0,0)",0,3,8,0,0
9b22eb1e5def3ad08c445b4e79feef543ccbf654a6b9f53fe30215f3d7e7d5c3,"(4,0,0,0)",1,2,6,0,0
9b22eb1e5def3ad08c445b4e79feef543ccbf654a6b9f53fe30215f3d7e7d5c3,"(4,0,0,0)",1,3,4,0,0
9b22eb1e5def3ad08c445b4e79feef543ccbf654a6b9f53fe30215f3d7e7d5c3,"(4,0,0,0)",2,3,10,0,0
08d0f71f73dd2e293f99537663c0bf79c67df4f18f64d3192eafb5cb1a4db4a3,"(4,0,0,0)",0,1,6,0,0
08d0f71f73dd2e293f99537663c0bf79c67df4f18f64d3192eafb5cb1a4db4a3,"(4,0,0,0)",0,2,8,0,0
08d0f71f73dd2e293f99537663c0bf79c67df4f18f64d3192eafb5cb1a4db4a3,"(4,0,0,0)",0,3,8,0,0
08d0f71f73dd2e293f99537663c0bf79c67df4f18f64d3192eafb5cb1a4db4a3,"(4,0,0,0)",1,2,8,0,0
08d0f71f73dd2e293f99537663c0bf79c67df4f18f64d3192eafb5cb1a4db4a3,"(4,0,0,0)",1,3,8,0,0
08d0f71f73dd2e293f99537663c0bf79c67df4f18f64d3192eafb5cb1a4db4a3,"(4,0,0,0)",2,3,7,0,0
22a28fc7b6d2770fb59161d62f7f36e096281fc24d00d2b74c0db8f41b0c0b29,"(4,0,0,0)",0,1,6,0,0
22a28fc7b6d2770fb59161d62f7f36e096281fc24d00d2b74c0db8f41b0c0b29,"(4,0,0,0)",0,2,8,0,0
22a28fc7b6d2770fb59161d62f7f36e096281fc24d00d2b74c0db8f41b0c0b29,"(4,0,0,0)",0,3,8,0,0
22a28fc7b6d2770fb59161d62f7f36e096281fc24d00d2b74c0db8f41b0c0b29,"(4,0,0,0)",1,2,8,0,0
22a28fc7b6d2770fb59161d62f7f36e096281fc24d00d2b74c0db8f41b0c0b29,"(4,0,0,0)",1,3,8,0,0
22a28fc7b6d2770fb59161d62f7f36e096281fc24d00d2b74c0db8f41b0c0b29,"(4,0,0,0)",2,3,7,0,0
5ea17d89f7d3b90b6d0184d16213a8134df9d659299906146157e46d6d970c5d,"(4,0,0,0)",0,1,4,0,0
5ea17d89f7d3b90b6d0184d16213a8134df9d659299906146157e46d6d970c5d,"(4,0,0,0)",0,2,5,0,0
5ea17d89f7d3b90b6d0184d16213a8134df9d659299906146157e46d6d970c5d,"(4,0,0,0)",0,3,8,0,0
5ea17d89f7d3b90b6d0184d16213a8134df9d659299906146157e46d6d970c5d,"(4,0,0,0)",1,2,7,0,0
5ea17d89f7d3b90b6d0184d16213a8134df9d659299906146157e46d6d970c5d,"(4,0,0,0)",1,3,10,0,0
5ea17d89f7d3b90b6d0184d16213a8134df9d659299906146157e46d6d970c5d,"(4,0,0,0)",2,3,7,0,0
63d0a9acdb8b0c31d423babb4d51603208685ca49de93d78b8f5a34adcba43ff,"(4,0,0,0)",0,1,1,0,0
63d0a9acdb8b0c31d423babb4d51603208685ca49de93d78b8f5a34adcba43ff,"(4,0,0,0)",0,2,9,0,0
63d0a9acdb8b0c31d423babb4d51603208685ca49de93d78b8f5a34adcba43ff,"(4,0,0,0)",0,3,9,0,0
63d0a9acdb8b0c31d423babb4d51603208685ca49de93d78b8f5a34adcba43ff,"(4,0,0,0)",1,2,7,0,0
63d0a9acdb8b0c31d423babb4d51603208685ca49de93d78b8f5a34adcba43ff,"(4,0,0,0)",1,3,7,0,0
63d0a9acdb8b0c31d423babb4d51603208685ca49de93d78b8f5a34adcba43ff,"(4,0,0,0)",2,3,3,0,0
4cb1a40fc726ddf2890e013c692c3dce103780884153a524917519f59cdc53da,"(4,0,0,0)",0,1,2,0,0
4cb1a40fc726ddf2890e013c692c3dce103780884153a524917519f59cdc53da,"(4,0,0,0)",0,2,7,0,0
4cb1a40fc726ddf2890e013c692c3dce103780884153a524917519f59cdc53da,"(4,0,0,0)",0,3,4,0,0
4cb1a40fc726ddf2890e013c692c3dce103780884153a524917519f59cdc53da,"(4,0,0,0)",1,2,7,0,0
4cb1a40fc726ddf2890e013c692c3dce103780884153a524917519f59cdc53da,"(4,0,0,0)",1,3,4,0,0
4cb1a40fc726ddf2890e013c692c3dce103780884153a524917519f59cdc53da,"(4,0,0,0)",2,3,7,0,0
ed3dd2bdd0ff988ffcd837c506e430f819cba01d5aa9d56ddca257dab7597057,"(4,0,0,0)",0,1,6,0,0
ed3dd2bdd0ff988ffcd837c506e430f819cba01d5aa9d56ddca257dab7597057,"(4,0,0,0)",0,2,8,0,0
ed3dd2bdd0ff988ffcd837c506e430f819cba01d5aa9d56ddca257dab7597057,"(4,0,0,0)",0,3,8,0,0
ed3dd2bdd0ff988ffcd837c506e430f819cba01d5aa9d56ddca257dab7597057,"(4,0,0,0)",1,2,8,0,0
ed3dd2bdd0ff988ffcd837c506e430f819cba01d5aa9d56ddca257dab7597057,"(4,0,0,0)",1,3,8,0,0
ed3dd2bdd0ff988ffcd837c506e430f819cba01d5aa9d56ddca257dab7597057,"(4,0,0,0)",2,3,7,0,0
e16e20afaa07f418b69282a92742335191f286644697f4dede1619fb7ff30da0,"(4,0,0,0)",0,1,5,0,0
e16e20afaa07f418b69282a92742335191f286644697f4dede1619fb7ff30da0,"(4,0,0,0)",0,2,6,0,0
e16e20afaa07f418b69282a92742335191f286644697f4dede1619fb7ff30da0,"(4,0,0,0)",0,3,3,0,0
e16e20afaa07f418b69282a92742335191f286644697f4dede1619fb7ff30da0,"(4,0,0,0)",1,2,11,0,0
e16e20afaa07f418b69282a92742335191f286644697f4dede1619fb7ff30da0,"(4,0,0,0)",1,3,8,0,0
e16e20afaa07f418b69282a92742335191f286644697f4dede1619fb7ff30da0,"(4,0,0,0)",2,3,7,0,0
8894f1b8eb7932e8e8480b9c0237b8a5c91ed1ac48a5a987427894f37814c55a,"(4,0,0,0)",0,1,8,0,0
8894f1b8eb7932e8e8480b9c0237b8a5c91ed1ac48a5a987427894f37814c55a,"(4,0,0,0)",0,2,8,0,0
8894f1b8eb7932e8e8480b9c0237b8a5c91ed1ac48a5a987427894f37814c55a,"(4,0,0,0)",0,3,2,0,0
8894f1b8eb7932e8e8480b9c0237b8a5c91ed1ac48a5a987427894f37814c55a,"(4,0,0,0)",1,2,3,0,0
8894f1b8eb7932e8e8480b9c0237b8a5c91ed1ac48a5a987427894f37814c55a,"(4,0,0,0)",1,3,8,0,0
8894f1b8eb7932e8e8480b9c0237b8a5c91ed1ac48a5a987427894f37814c55a,"(4,0,0,0)",2,3,8,0,0
df1311acf14e8d2464eb79028ccb63da6f66dbabe44c61745c2ffdb474d6ebca,"(4,0,0,0)",0,1,8,0,0
df1311acf14e8d2464eb79028ccb63da6f66dbabe44c61745c2ffdb474d6ebca,"(4,0,0,0)",0,2,11,0,0
df1311acf14e8d2464eb79028ccb63da6f66dbabe44c61745c2ffdb474d6ebca,"(4,0,0,0)",0,3,3,0,0
df1311acf14e8d2464eb79028ccb63da6f66dbabe44c61745c2ffdb474d6ebca,"(4,0,0,0)",1,2,7,0,0
df1311acf14e8d2464eb79028ccb63da6f66dbabe44c61745c2ffdb474d6ebca,"(4,0,0,0)",1,3,5,0,0
df1311acf14e8d2464eb79028ccb63da6f66dbabe44c61745c2ffdb474d6ebca,"(4,0,0,0)",2,3,8,0,0
2fb4476db2ebab23769d0083162e87be4013cbf9417e5fff2f852de33632b8a2,"(4,0,0,0)",0,1,5,0,0
2fb4476db2ebab23769d0083162e87be4013cbf9417e5fff2f852de33632b8a2,"(4,0,0,0)",0,2,4,0,0
2fb4476db2ebab23769d0083162e87be4013cbf9417e5fff2f852de33632b8a2,"(4,0,0,0)",0,3,1,0,0
2fb4476db2ebab23769d0083162e87be4013cbf9417e5fff2f852de33632b8a2,"(4,0,0,0)",1,2,7,0,0
2fb4476db2ebab23769d0083162e87be4013cbf9417e5fff2f852de33632b8a2,"(4,0,0,0)",1,3,6,0,0
2fb4476db2ebab23769d0083162e87be4013cbf9417e5fff2f852de33632b8a2,"(4,0,0,0)",2,3,5,0,0
86d1d51b3e7707d569cd434cfb40572b645bd0b28abe16e30ef369f78c1ff308,"(4,0,0,0)",0,1,11,0,0
86d1d51b3e7707d569cd434cfb40572b645bd0b28abe16e30ef369f78c1ff308,"(4,0,0,0)",0,2,8,0,0
86d1d51b3e7707d569cd434cfb40572b645bd0b28abe16e30ef369f78c1ff308,"(4,0,0,0)",0,3,6,0,0
86d1d51b3e7707d569cd434cfb40572b645bd0b28abe16e30ef369f78c1ff308,"(4,0,0,0)",1,2,12,0,0
86d1d51b3e7707d569cd434cfb40572b645bd0b28abe16e30ef369f78c1ff308,"(4,0,0,0)",1,3,3,0,0
86d1d51b3e7707d569cd434cfb40572b645bd0b28abe16e30ef369f78c1ff308,"(4,0,0,0)",2,3,7,0,0
da967825346ed247a49681406725db6485bd243aa417d109fcb09eff3ab16abe,"(4,0,0,0)",0,1,4,0,0
da967825346ed247a49681406725db6485bd243aa417d109fcb09eff3ab16abe,"(4,0,0,0)",0,2,3,0,0
da967825346ed247a49681406725db6485bd243aa417d109fcb09eff3ab16abe,"(4,0,0,0)",0,3,6,0,0
da967825346ed247a49681406725db6485bd243aa417d109fcb09eff3ab16abe,"(4,0,0,0)",1,2,7,0,0
da967825346ed247a49681406725db6485bd243aa417d109fcb09eff3ab16abe,"(4,0,0,0)",1,3,10,0,0
da967825346ed247a49681406725db6485bd243aa417d109fcb09eff3ab16abe,"(4,0,0,0)",2,3,7,0,0
095d0d44b2e639d846c6d4cb126c41c46c08fd19813c0ebdf51f041611e12854,"(4,0,0,0)",0,1,7,0,0
095d0d44b2e639d846c6d4cb126c41c46c08fd19813c0ebdf51f041611e12854,"(4,0,0,0)",0,2,10,0,0
095d0d44b2e639d846c6d4cb126c41c46c08fd19813c0ebdf51f041611e12854,"(4,0,0,0)",0,3,5,0,0
095d0d44b2e639d846c6d4cb126c41c46c08fd19813c0ebdf51f041611e12854,"(4,0,0,0)",1,2,10,0,0
095d0d44b2e639d846c6d4cb126c41c46c08fd19813c0ebdf51f041611e12854,"(4,0,0,0)",1,3,5,0,0
095d0d44b2e639d846c6d4cb126c41c46c08fd19813c0ebdf51f041611e12854,"(4,0,0,0)",2,3,3,0,0
18c6983581b663fcf04c60814b0503b7dff4fd14a0c5037c5fa74eef7e86fdd4,"(4,0,0,0)",0,1,8,0,0
18c6983581b663fcf04c60814b0503b7dff4fd14a0c5037c5fa74eef7e86fdd4,"(4,0,0,0)",0,2,8,0,0
18c6983581b663fcf04c60814b0503b7dff4fd14a0c5037c5fa74eef7e86fdd4,"(4,0,0,0)",0,3,2,0,0
18c6983581b663fcf04c60814b0503b7dff4fd14a0c5037c5fa74eef7e86fdd4,"(4,0,0,0)",1,2,7,0,0
18c6983581b663fcf04c60814b0503b7dff4fd14a0c5037c5fa74eef7e86fdd4,"(4,0,0,0)",1,3,8,0,0
18c6983581b663fcf04c60814b0503b7dff4fd14a0c5037c5fa74eef7e86fdd4,"(4,0,0,0)",2,3,8,0,0
4fb544188d5bc91b453da6a2aacbbee17db3ceaafa688d8eb839afdbdac80245,"(4,0,0,0)",0,1,7,0,0
4fb544188d5bc91b453da6a2aacbbee17db3ceaafa688d8eb839afdbdac80245,"(4,0,0,0)",0,2,12,0,0
4fb544188d5bc91b453da6a2aacbbee17db3ceaafa688d8eb839afdbdac80245,"(4,0,0,0)",0,3,8,0,0
4fb544188d5bc91b453da6a2aacbbee17db3ceaafa688d8eb839afdbdac80245,"(4,0,0,0)",1,2,3,0,0
4fb544188d5bc91b453da6a2aacbbee17db3ceaafa688d8eb839afdbdac80245,"(4,0,0,0)",1,3,6,0,0
4fb544188d5bc91b453da6a2aacbbee17db3ceaafa688d8eb839afdbdac80245,"(4,0,0,0)",2,3,11,0,0
ee09e0a6973599c0d9fbab36743644faaa5482a1fc645f3334d37286e4ee3197,"(4,0,0,0)",0,1,3,0,0
ee09e0a6973599c0d9fbab36743644faaa5482a1fc645f3334d37286e4ee3197,"(4,0,0,0)",0,2,5,0,0
ee09e0a6973599c0d9fbab36743644faaa5482a1fc645f3334d37286e4ee3197,"(4,0,0,0)",0,3,8,0,0
ee09e0a6973599c0d9fbab36743644faaa5482a1fc645f3334d37286e4ee3197,"(4,0,0,0)",1,2,4,0,0
ee09e0a6973599c0d9fbab36743644faaa5482a1fc645f3334d37286e4ee3197,"(4,0,0,0)",1,3,7,0,0
ee09e0a6973599c0d9fbab36743644faaa5482a1fc645f3334d37286e4ee3197,"(4,0,0,0)",2,3,7,0,0
0cfea9c9faec35bd4129431e4bf25745fa9157a287c3e53a9109f56215dd834a,"(4,0,0,0)",0,1,1,0,0
0cfea9c9faec35bd4129431e4bf25745fa9157a287c3e53a9109f56215dd834a,"(4,0,0,0)",0,2,6,0,0
0cfea9c9faec35bd4129431e4bf25745fa9157a287c3e53a9109f56215dd834a,"(4,0,0,0)",0,3,6,0,0
0cfea9c9faec35bd4129431e4bf25745fa9157a287c3e53a9109f56215dd834a,"(4,0,0,0)",1,2,5,0,0
0cfea9c9faec35bd4129431e4bf25745fa9157a287c3e53a9109f56215dd834a,"(4,0,0,0)",1,3,5,0,0
0cfea9c9faec35bd4129431e4bf25745fa9157a287c3e53a9109f56215dd834a,"(4,0,0,0)",2,3,7,0,0
e0b5cbc79caaadfa4e2c29bbe62d9d28c38e605789c6970fa01d8fca3da8dc77,"(4,0,0,0)",0,1,4,0,0
e0b5cbc79caaadfa4e2c29bbe62d9d28c38e605789c6970fa01d8fca3da8dc77,"(4,0,0,0)",0,2,8,0,0
e0b5cbc79caaadfa4e2c29bbe62d9d28c38e605789c6970fa01d8fca3da8dc77,"(4,0,0,0)",0,3,11,0,0
e0b5cbc79caaadfa4e2c29bbe62d9d28c38e605789c6970fa01d8fca3da8dc77,"(4,0,0,0)",1,2,4,0,0
e0b5cbc79caaadfa4e2c29bbe62d9d28c38e605789c6970fa01d8fca3da8dc77,"(4,0,0,0)",1,3,7,0,0
e0b5cbc79caaadfa4e2c29bbe62d9d28c38e605789c6970fa01d8fca3da8dc77,"(4,0,0,0)",2,3,7,0,0
ad49ea06fdc5a9acd0ce08b9693ae353c255932dc5947411568bbe534bda47aa,"(4,0,0,0)",0,1,1,0,0
ad49ea06fdc5a9acd0ce08b9693ae353c255932dc5947411568bbe534bda47aa,"(4,0,0,0)",0,2,9,0,0
ad49ea06fdc5a9acd0ce08b9693ae353c255932dc5947411568bbe534bda47aa,"(4,0,0,0)",0,3,9,0,0
ad49ea06fdc5a9acd0ce08b9693ae353c255932dc5947411568bbe534bda47aa,"(4,0,0,0)",1,2,7,0,0
ad49ea06fdc5a9acd0ce08b9693ae353c255932dc5947411568bbe534bda47aa,"(4,0,0,0)",1,3,7,0,0
ad49ea06fdc5a9acd0ce08b9693ae353c255932dc5947411568bbe534bda47aa,"(4,0,0,0)",2,3,7,0,0
d661591d7f3256788be949751aadb43a03aa3591026bdcd9722c752b60857459,"(4,0,0,0)",0,1,4,0,0
d661591d7f3256788be949751aadb43a03aa3591026bdcd9722c752b60857459,"(4,0,0,0)",0,2,10,0,0
d661591d7f3256788be949751aadb43a03aa3591026bdcd9722c752b60857459,"(4,0,0,0)",0,3,10,0,0
d661591d7f3256788be949751aadb43a03aa3591026bdcd9722c752b60857459,"(4,0,0,0)",1,2,6,0,0
d661591d7f3256788be949751aadb43a03aa3591026bdcd9722c752b60857459,"(4,0,0,0)",1,3,6,0,0
d661591d7f3256788be949751aadb43a03aa3591026bdcd9722c752b60857459,"(4,0,0,0)",2,3,7,0,0
169a3844637c93938e35a80cb488a1549f50e4947e6236b902d6546ea17b7b80,"(4,0,0,0)",0,1,6,0,0
169a3844637c93938e35a80cb488a1549f50e4947e6236b902d6546ea17b7b80,"(4,0,0,0)",0,2,8,0,0
169a3844637c93938e35a80cb488a1549f50e4947e6236b902d6546ea17b7b80,"(4,0,0,0)",0,3,8,0,0
169a3844637c93938e35a80cb488a1549f50e4947e6236b902d6546ea17b7b80,"(4,0,0,0)",1,2,8,0,0
169a3844637c93938e35a80cb488a1549f50e4947e6236b902d6546ea17b7b80,"(4,0,0,0)",1,3,8,0,0
169a3844637c93938e35a80cb488a1549f50e4947e6236b902d6546ea17b7b80,"(4,0,0,0)",2,3,7,0,0
c182bbd36f668b962aa95319f7a512c4ceefc935d41c52bcf119cb2f55a6cdab,"(4,0,0,0)",0,1,5,0,0
c182bbd36f668b962aa95319f7a512c4ceefc935d41c52bcf119cb2f55a6cdab,"(4,0,0,0)",0,2,8,0,0
c182bbd36f668b962aa95319f7a512c4ceefc935d41c52bcf119cb2f55a6cdab,"(4,0,0,0)",0,3,9,0,0
c182bbd36f668b962aa95319f7a512c4ceefc935d41c52bcf119cb2f55a6cdab,"(4,0,0,0)",1,2,7,0,0
c182bbd36f668b962aa95319f7a512c4ceefc935d41c52bcf119cb2f55a6cdab,"(4,0,0,0)",1,3,4,0,0
c182bbd36f668b962aa95319f7a512c4ceefc935d41c52bcf119cb2f55a6cdab,"(4,0,0,0)",2,3,9,0,0
cd215959b4cd859e5bcda82399d369b86135d116534cc4a0dc73c1dd7925c1c0,"(4,0,0,0)",0,1,11,0,0
cd215959b4cd859e5bcda82399d369b86135d116534cc4a0dc73c1dd7925c1c0,"(4,0,0,0)",0,2,8,0,0
cd215959b4cd859e5bcda82399d369b86135d116534cc4a0dc73c1dd7925c1c0,"(4,0,0,0)",0,3,3,0,0
cd215959b4cd859e5bcda82399d369b86135d116534cc4a0dc73c1dd7925c1c0,"(4,0,0,0)",1,2,7,0,0
cd215959b4cd859e5bcda82399d369b86135d116534cc4a0dc73c1dd7925c1c0,"(4,0,0,0)",1,3,8,0,0
cd215959b4cd859e5bcda82399d369b86135d116534cc4a0dc73c1dd7925c1c0,"(4,0,0,0)",2,3,5,0,0
310101b7acd50d0bfb496d8e1c1e9d2b4482123da37d42e626495558008d2c24,"(4,0,0,0)",0,1,11,0,0
310101b7acd50d0bfb496d8e1c1e9d2b4482123da37d42e626495558008d2c24,"(4,0,0,0)",0,2,8,0,0
310101b7acd50d0bfb496d8e1c1e9d2b4482123da37d42e626495558008d2c24,"(4,0,0,0)",0,3,6,0,0
310101b7acd50d0bfb496d8e1c1e9d2b4482123da37d42e626495558008d2c24,"(4,0,0,0)",1,2,12,0,0
310101b7acd50d0bfb496d8e1c1e9d2b4482123da37d42e626495558008d2c24,"(4,0,0,0)",1,3,3,0,0
310101b7acd50d0bfb496d8e1c1e9d2b4482123da37d42e626495558008d2c24,"(4,0,0,0)",2,3,7,0,0
e37c9d223c2a440181c4dc85f96e95953ea438b1b8a088ba539a313959b33650,"(4,0,0,0)",0,1,1,0,0
e37c9d223c2a440181c4dc85f96e95953ea438b1b8a088ba539a313959b33650,"(4,0,0,0)",0,2,8,0,0
e37c9d223c2a440181c4dc85f96e95953ea438b1b8a088ba539a313959b33650,"(4,0,0,0)",0,3,8,0,0
e37c9d223c2a440181c4dc85f96e95953ea438b1b8a088ba539a313959b33650,"(4,0,0,0)",1,2,8,0,0
e37c9d223c2a440181c4dc85f96e95953ea438b1b8a088ba539a313959b33650,"(4,0,0,0)",1,3,8,0,0
e37c9d223c2a440181c4dc85f96e95953ea438b1b8a088ba539a313959b33650,"(4,0,0,0)",2,3,7,0,0
fcc6d33a6fff24fac2af1093db003757db66db6997cef246d225ea1d84722c1d,"(4,0,0,0)",0,1,10,0,0
fcc6d33a6fff24fac2af1093db003757db66db6997cef246d225ea1d84722c1d,"(4,0,0,0)",0,2,6,0,0
fcc6d33a6fff24fac2af1093db003757db66db6997cef246d225ea1d84722c1d,"(4,0,0,0)",0,3,8,0,0
fcc6d33a6fff24fac2af1093db003757db66db6997cef246d225ea1d84722c1d,"(4,0,0,0)",1,2,2,0,0
fcc6d33a6fff24fac2af1093db003757db66db6997cef246d225ea1d84722c1d,"(4,0,0,0)",1,3,10,0,0
fcc6d33a6fff24fac2af1093db003757db66db6997cef246d225ea1d84722c1d,"(4,0,0,0)",2,3,6,0,0
2ca234a6c1a7e354230c3eb7f929327bb48f334ce1ad62bfff80b6bbb15e625d,"(4,0,0,0)",0,1,11,0,0
2ca234a6c1a7e354230c3eb7f929327bb48f334ce1ad62bfff80b6bbb15e625d,"(4,0,0,0)",0,2,7,0,0
2ca234a6c1a7e354230c3eb7f929327bb48f334ce1ad62bfff80b6bbb15e625d,"(4,0,0,0)",0,3,3,0,0
2ca234a6c1a7e354230c3eb7f929327bb48f334ce1ad62bfff80b6bbb15e625d,"(4,0,0,0)",1,2,7,0,0
2ca234a6c1a7e354230c3eb7f929327bb48f334ce1ad62bfff80b6bbb15e625d,"(4,0,0,0)",1,3,7,0,0
2ca234a6c1a7e354230c3eb7f929327bb48f334ce1ad62bfff80b6bbb15e625d,"(4,0,0,0)",2,3,3,0,0
a18bdcfb9f522813508f397cfbd7021020d9c6734acb666d1090545bd2e6f74b,"(4,0,0,0)",0,1,2,0,0
a18bdcfb9f522813508f397cfbd7021020d9c6734acb666d1090545bd2e6f74b,"(4,0,0,0)",0,2,7,0,0
a18bdcfb9f522813508f397cfbd7021020d9c6734acb666d1090545bd2e6f74b,"(4,0,0,0)",0,3,4,0,0
a18bdcfb9f522813508f397cfbd7021020d9c6734acb666d1090545bd2e6f74b,"(4,0,0,0)",1,2,7,0,0
a18bdcfb9f522813508f397cfbd7021020d9c6734acb666d1090545bd2e6f74b,"(4,0,0,0)",1,3,4,0,0
a18bdcfb9f522813508f397cfbd7021020d9c6734acb666d1090545bd2e6f74b,"(4,0,0,0)",2,3,7,0,0
5fc8f11c85bc7bd01eab8e0ec371bb1ab3b67e5465a8f42c962eb5fbe8ceb4a5,"(4,0,0,0)",0,1,1,0,0
5fc8f11c85bc7bd01eab8e0ec371bb1ab3b67e5465a8f42c962eb5fbe8ceb4a5,"(4,0,0,0)",0,2,8,0,0
5fc8f11c85bc7bd01eab8e0ec371bb1ab3b67e5465a8f42c962eb5fbe8ceb4a5,"(4,0,0,0)",0,3,8,0,0
5fc8f11c85bc7bd01eab8e0ec371bb1ab3b67e5465a8f42c962eb5fbe8ceb4a5,"(4,0,0,0)",1,2,8,0,0
5fc8f11c85bc7bd01eab8e0ec371bb1ab3b67e5465a8f42c962eb5fbe8ceb4a5,"(4,0,0,0)",1,3,8,0,0
5fc8f11c85bc7bd01eab8e0ec371bb1ab3b67e5465a8f42c962eb5fbe8ceb4a5,"(4,0,0,0)",2,3,7,0,0
a24e41f24c8abb2b951fd2e93abf125caa2fe5ede49b04de1512d692a9e8db0d,"(4,0,0,0)",0,1,3,0,0
a24e41f24c8abb2b951fd2e93abf125caa2fe5ede49b04de1512d692a9e8db0d,"(4,0,0,0)",0,2,5,0,0
a24e41f24c8abb2b951fd2e93abf125caa2fe5ede49b04de1512d692a9e8db0d,"(4,0,0,0)",0,3,8,0,0
a24e41f24c8abb2b951fd2e93abf125caa2fe5ede49b04de1512d692a9e8db0d,"(4,0,0,0)",1,2,5,0,0
a24e41f24c8abb2b951fd2e93abf125caa2fe5ede49b04de1512d692a9e8db0d,"(4,0,0,0)",1,3,6,0,0
a24e41f24c8abb2b951fd2e93abf125caa2fe5ede49b04de1512d692a9e8db0d,"(4,0,0,0)",2,3,7,0,0
e96bf4bbcf7dace79db748fd1f1ac448fcd995597c732f1aa6e503c24f287117,"(4,0,0,0)",0,1,4,0,0
e96bf4bbcf7dace79db748fd1f1ac448fcd995597c732f1aa6e503c24f287117,"(4,0,0,0)",0,2,6,0,0
e96bf4bbcf7dace79db748fd1f1ac448fcd995597c732f1aa6e503c24f287117,"(4,0,0,0)",0,3,6,0,0
e96bf4bbcf7dace79db748fd1f1ac448fcd995597c732f1aa6e503c24f287117,"(4,0,0,0)",1,2,10,0,0
e96bf4bbcf7dace79db748fd1f1ac448fcd995597c732f1aa6e503c24f287117,"(4,0,0,0)",1,3,10,0,0
e96bf4bbcf7dace79db748fd1f1ac448fcd995597c732f1aa6e503c24f287117,"(4,0,0,0)",2,3,7,0,0
601ce2f58a17b737abceb109497d81344e856a47decfb17731593e659fe1fd93,"(4,0,0,0)",0,1,10,0,0
601ce2f58a17b737abceb109497d81344e856a47decfb17731593e659fe1fd93,"(4,0,0,0)",0,2,9,0,0
601ce2f58a17b737abceb109497d81344e856a47decfb17731593e659fe1fd93,"(4,0,0,0)",0,3,5,0,0
601ce2f58a17b737abceb109497d81344e856a47decfb17731593e659fe1fd93,"(4,0,0,0)",1,2,11,0,0
601ce2f58a17b737abceb109497d81344e856a47decfb17731593e659fe1fd93,"(4,0,0,0)",1,3,3,0,0
601ce2f58a17b737abceb109497d81344e856a47decfb17731593e659fe1fd93,"(4,0,0,0)",2,3,6,0,0
49d54c801e7bb2dc2c06dfef90f94bc02c7d472ab701cf7b7bf9e0269f0980d2,"(4,0,0,0)",0,1,3,0,0
49d54c801e7bb2dc2c06dfef90f94bc02c7d472ab701cf7b7bf9e0269f0980d2,"(4,0,0,0)",0,2,8,0,0
49d54c801e7bb2dc2c06dfef90f94bc02c7d472ab701cf7b7bf9e0269f0980d2,"(4,0,0,0)",0,3,11,0,0
49d54c801e7bb2dc2c06dfef90f94bc02c7d472ab701cf7b7bf9e0269f0980d2,"(4,0,0,0)",1,2,5,0,0
49d54c801e7bb2dc2c06dfef90f94bc02c7d472ab701cf7b7bf9e0269f0980d2,"(4,0,0,0)",1,3,8,0,0
49d54c801e7bb2dc2c06dfef90f94bc02c7d472ab701cf7b7bf9e0269f0980d2,"(4,0,0,0)",2,3,7,0,0
8d39f4eeea9fe975f98634d2e11474b1d168d8dfe78b4d0b13f38d28674c3596,"(4,0,0,0)",0,1,5,0,0
8d39f4eeea9fe975f98634d2e11474b1d168d8dfe78b4d0b13f38d28674c3596,"(4,0,0,0)",0,2,3,0,0
8d39f4eeea9fe975f98634d2e11474b1d168d8dfe78b4d0b13f38d28674c3596,"(4,0,0,0)",0,3,6,0,0
8d39f4eeea9fe975f98634d2e11474b1d168d8dfe78b4d0b13f38d28674c3596,"(4,0,0,0)",1,2,8,0,0
8d39f4eeea9fe975f98634d2e11474b1d168d8dfe78b4d0b13f38d28674c3596,"(4,0,0,0)",1,3,11,0,0
8d39f4eeea9fe975f98634d2e11474b1d168d8dfe78b4d0b13f38d28674c3596,"(4,0,0,0)",2,3,7,0,0
0bf20f10ddc152c5f0004360ef579660b9d27dfe7805aa53f4a086dc10d32418,"(4,0,0,0)",0,1,11,0,0
0bf20f10ddc152c5f0004360ef579660b9d27dfe7805aa53f4a086dc10d32418,"(4,0,0,0)",0,2,9,0,0
0bf20f10ddc152c5f0004360ef579660b9d27dfe7805aa53f4a086dc10d32418,"(4,0,0,0)",0,3,6,0,0
0bf20f10ddc152c5f0004360ef579660b9d27dfe7805aa53f4a086dc10d32418,"(4,0,0,0)",1,2,11,0,0
0bf20f10ddc152c5f0004360ef579660b9d27dfe7805aa53f4a086dc10d32418,"(4,0,0,0)",1,3,3,0,0
0bf20f10ddc152c5f0004360ef579660b9d27dfe7805aa53f4a086dc10d32418,"(4,0,0,0)",2,3,6,0,0
b43e341e953a823ddb6b01ac2bb11ba7f824a2095d7139b0aaee1f0806878782,"(4,0,0,0)",0,1,5,0,0
b43e341e953a823ddb6b01ac2bb11ba7f824a2095d7139b0aaee1f0806878782,"(4,0,0,0)",0,2,6,0,0
b43e341e953a823ddb6b01ac2bb11ba7f824a2095d7139b0aaee1f0806878782,"(4,0,0,0)",0,3,9,0,0
b43e341e953a823ddb6b01ac2bb11ba7f824a2095d7139b0aaee1f0806878782,"(4,0,0,0)",1,2,4,0,0
b43e341e953a823ddb6b01ac2bb11ba7f824a2095d7139b0aaee1f0806878782,"(4,0,0,0)",1,3,7,0,0
b43e341e953a823ddb6b01ac2bb11ba7f824a2095d7139b0aaee1f0806878782,"(4,0,0,0)",2,3,7,0,0
eaa0242faaefa78f2e2396c65d47014c85c2818b3301e32de7d28ea66b2f4542,"(4,0,0,0)",0,1,10,0,0
eaa0242faaefa78f2e2396c65d47014c85c2818b3301e32de7d28ea66b2f4542,"(4,0,0,0)",0,2,6,0,0
eaa0242faaefa78f2e2396c65d47014c85c2818b3301e32de7d28ea66b2f4542,"(4,0,0,0)",0,3,5,0,0
eaa0242faaefa78f2e2396c65d47014c85c2818b3301e32de7d28ea66b2f4542,"(4,0,0,0)",1,2,12,0,0
eaa0242faaefa78f2e2396c65d47014c85c2818b3301e32de7d28ea66b2f4542,"(4,0,0,0)",1,3,4,0,0
eaa0242faaefa78f2e2396c65d47014c85c2818b3301e32de7d28ea66b2f4542,"(4,0,0,0)",2,3,7,0,0
f6030f9140d9e84eef93b413e665a565fca8943542b7fb13b674efe98f21036d,"(4,0,0,0)",0,1,8,0,0
f6030f9140d9e84eef93b413e665a565fca8943542b7fb13b674efe98f21036d,"(4,0,0,0)",0,2,8,0,0
f6030f9140d9e84eef93b413e665a565fca8943542b7fb13b674efe98f21036d,"(4,0,0,0)",0,3,7,0,0
f6030f9140d9e84eef93b413e665a565fca8943542b7fb13b674efe98f21036d,"(4,0,0,0)",1,2,9,0,0
f6030f9140d9e84eef93b413e665a565fca8943542b7fb13b674efe98f21036d,"(4,0,0,0)",1,3,2,0,0
f6030f9140d9e84eef93b413e665a565fca8943542b7fb13b674efe98f21036d,"(4,0,0,0)",2,3,8,0,0
29d8acff5a28604fb774422f9a4f9a1c9d29e739826ade73b89e60ffff0e8a2a,"(4,0,0,0)",0,1,5,0,0
29d8acff5a28604fb774422f9a4f9a1c9d29e739826ade73b89e60ffff0e8a2a,"(4,0,0,0)",0,2,10,0,0
29d8acff5a28604fb774422f9a4f9a1c9d29e739826ade73b89e60ffff0e8a2a,"(4,0,0,0)",0,3,6,0,0
29d8acff5a28604fb774422f9a4f9a1c9d29e739826ade73b89e60ffff0e8a2a,"(4,0,0,0)",1,2,4,0,0
29d8acff5a28604fb774422f9a4f9a1c9d29e739826ade73b89e60ffff0e8a2a,"(4,0,0,0)",1,3,7,0,0
29d8acff5a28604fb774422f9a4f9a1c9d29e739826ade73b89e60ffff0e8a2a,"(4,0,0,0)",2,3,12,0,0
7a8db55258f227c1d62d332c8d935faab9808e567cdf8ec30fcd41406a4b4e31,"(4,0,0,0)",0,1,3,0,0
7a8db55258f227c1d62d332c8d935faab9808e567cdf8ec30fcd41406a4b4e31,"(4,0,0,0)",0,2,7,0,0
7a8db55258f227c1d62d332c8d935faab9808e567cdf8ec30fcd41406a4b4e31,"(4,0,0,0)",0,3,6,0,0
7a8db55258f227c1d62d332c8d935faab9808e567cdf8ec30fcd41406a4b4e31,"(4,0,0,0)",1,2,5,0,0
7a8db55258f227c1d62d332c8d935faab9808e567cdf8ec30fcd41406a4b4e31,"(4,0,0,0)",1,3,6,0,0
7a8db55258f227c1d62d332c8d935faab9808e567cdf8ec30fcd41406a4b4e31,"(4,0,0,0)",2,3,7,0,0
a2271f292daf410beecb1630b5a7cf830daefd68cafa79204db16510ab5589df,"(4,0,0,0)",0,1,7,0,0
a2271f292daf410beecb1630b5a7cf830daefd68cafa79204db16510ab5589df,"(4,0,0,0)",0,2,6,0,0
a2271f292daf410beecb1630b5a7cf830daefd68cafa79204db16510ab5589df,"(4,0,0,0)",0,3,2,0,0
a2271f292daf410beecb1630b5a7cf830daefd68cafa79204db16510ab5589df,"(4,0,0,0)",1,2,9,0,0
a2271f292daf410beecb1630b5a7cf830daefd68cafa79204db16510ab5589df,"(4,0,0,0)",1,3,7,0,0
a2271f292daf410beecb1630b5a7cf830daefd68cafa79204db16510ab5589df,"(4,0,0,0)",2,3,6,0,0
df3eefa174c7e0a20507e20c5ba6b41d7301f707d3e3292a7b76b2af45a392b6,"(4,0,0,0)",0,1,8,0,0
df3eefa174c7e0a20507e20c5ba6b41d7301f707d3e3292a7b76b2af45a392b6,"(4,0,0,0)",0,2,4,0,0
df3eefa174c7e0a20507e20c5ba6b41d7301f707d3e3292a7b76b2af45a392b6,"(4,0,0,0)",0,3,6,0,0
df3eefa174c7e0a20507e20c5ba6b41d7301f707d3e3292a7b76b2af45a392b6,"(4,0,0,0)",1,2,10,0,0
df3eefa174c7e0a20507e20c5ba6b41d7301f707d3e3292a7b76b2af45a392b6,"(4,0,0,0)",1,3,6,0,0
df3eefa174c7e0a20507e20c5ba6b41d7301f707d3e3292a7b76b2af45a392b6,"(4,0,0,0)",2,3,8,0,0
25e2fcc128b76e4ed9a7685c53633f9e55e546db6c2a936b0996977d3fd0527e,"(4,0,0,0)",0,1,4,0,0
25e2fcc128b76e4ed9a7685c53633f9e55e546db6c2a936b0996977d3fd0527e,"(4,0,0,0)",0,2,5,0,0
25e2fcc128b76e4ed9a7685c53633f9e55e546db6c2a936b0996977d3fd0527e,"(4,0,0,0)",0,3,4,0,0
25e2fcc128b76e4ed9a7685c53633f9e55e546db6c2a936b0996977d3fd0527e,"(4,0,0,0)",1,2,9,0,0
25e2fcc128b76e4ed9a7685c53633f9e55e546db6c2a936b0996977d3fd0527e,"(4,0,0,0)",1,3,6,0,0
25e2fcc128b76e4ed9a7685c53633f9e55e546db6c2a936b0996977d3fd0527e,"(4,0,0,0)",2,3,7,0,0
59bcd487580007b8450ca5a5ad21778ef51ff80054277fa9d96e4824a3bc7ffd,"(4,0,0,0)",0,1,4,0,0
59bcd487580007b8450ca5a5ad21778ef51ff80054277fa9d96e4824a3bc7ffd,"(4,0,0,0)",0,2,10,0,0
59bcd487580007b8450ca5a5ad21778ef51ff80054277fa9d96e4824a3bc7ffd,"(4,0,0,0)",0,3,8,0,0
59bcd487580007b8450ca5a5ad21778ef51ff80054277fa9d96e4824a3bc7ffd,"(4,0,0,0)",1,2,7,0,0
59bcd487580007b8450ca5a5ad21778ef51ff80054277fa9d96e4824a3bc7ffd,"(4,0,0,0)",1,3,5,0,0
59bcd487580007b8450ca5a5ad21778ef51ff80054277fa9d96e4824a3bc7ffd,"(4,0,0,0)",2,3,7,0,0
6710c97e91e51f42fda1913fc63e92dec134fb92916783acb68a6b9266871c92,"(4,0,0,0)",0,1,1,0,0
6710c97e91e51f42fda1913fc63e92dec134fb92916783acb68a6b9266871c92,"(4,0,0,0)",0,2,8,0,0
6710c97e91e51f42fda1913fc63e92dec134fb92916783acb68a6b9266871c92,"(4,0,0,0)",0,3,8,0,0
6710c97e91e51f42fda1913fc63e92dec134fb92916783acb68a6b9266871c92,"(4,0,0,0)",1,2,9,0,0
6710c97e91e51f42fda1913fc63e92dec134fb92916783acb68a6b9266871c92,"(4,0,0,0)",1,3,9,0,0
6710c97e91e51f42fda1913fc63e92dec134fb92916783acb68a6b9266871c92,"(4,0,0,0)",2,3,7,0,0
0a904f7539460a39700e204773cfaf90a69550464b5abc50207fe3b2d315fca6,"(4,0,0,0)",0,1,4,0,0
0a904f7539460a39700e204773cfaf90a69550464b5abc50207fe3b2d315fca6,"(4,0,0,0)",0,2,7,0,0
0a904f7539460a39700e204773cfaf90a69550464b5abc50207fe3b2d315fca6,"(4,0,0,0)",0,3,4,0,0
0a904f7539460a39700e204773cfaf90a69550464b5abc50207fe3b2d315fca6,"(4,0,0,0)",1,2,11,0,0
0a904f7539460a39700e204773cfaf90a69550464b5abc50207fe3b2d315fca6,"(4,0,0,0)",1,3,8,0,0
0a904f7539460a39700e204773cfaf90a69550464b5abc50207fe3b2d315fca6,"(4,0,0,0)",2,3,7,0,0
fb5580ae6118b332d84758d3a38e514576126e58deaa7356faf909b7a5b5ad0a,"(4,0,0,0)",0,1,6,0,0
fb5580ae6118b332d84758d3a38e514576126e58deaa7356faf909b7a5b5ad0a,"(4,0,0,0)",0,2,7,0,0
fb5580ae6118b332d84758d3a38e514576126e58deaa7356faf909b7a5b5ad0a,"(4,0,0,0)",0,3,6,0,0
fb5580ae6118b332d84758d3a38e514576126e58deaa7356faf909b7a5b5ad0a,"(4,0,0,0)",1,2,9,0,0
fb5580ae6118b332d84758d3a38e514576126e58deaa7356faf909b7a5b5ad0a,"(4,0,0,0)",1,3,8,0,0
fb5580ae6118b332d84758d3a38e514576126e58deaa7356faf909b7a5b5ad0a,"(4,0,0,0)",2,3,2,0,0
6473c84b84b83ce348cf2d96fe7548ca9fff609e15c1b2581085b91f765bafcb,"(4,0,0,0)",0,1,1,0,0
6473c84b84b83ce348cf2d96fe7548ca9fff609e15c1b2581085b91f765bafcb,"(4,0,0,0)",0,2,8,0,0
6473c84b84b83ce348cf2d96fe7548ca9fff609e15c1b2581085b91f765bafcb,"(4,0,0,0)",0,3,8,0,0
6473c84b84b83ce348cf2d96fe7548ca9fff609e15c1b2581085b91f765bafcb,"(4,0,0,0)",1,2,9,0,0
6473c84b84b83ce348cf2d96fe7548ca9fff609e15c1b2581085b91f765bafcb,"(4,0,0,0)",1,3,9,0,0
6473c84b84b83ce348cf2d96fe7548ca9fff609e15c1b2581085b91f765bafcb,"(4,0,0,0)",2,3,4,0,0
023b449b96212dc0efaedde030aa38ebab13ac9a4264cee1a20b8366f442a671,"(4,0,0,0)",0,1,9,0,0
023b449b96212dc0efaedde030aa38ebab13ac9a4264cee1a20b8366f442a671,"(4,0,0,0)",0,2,4,0,0
023b449b96212dc0efaedde030aa38ebab13ac9a4264cee1a20b8366f442a671,"(4,0,0,0)",0,3,9,0,0
023b449b96212dc0efaedde030aa38ebab13ac9a4264cee1a20b8366f442a671,"(4,0,0,0)",1,2,5,0,0
023b449b96212dc0efaedde030aa38ebab13ac9a4264cee1a20b8366f442a671,"(4,0,0,0)",1,3,8,0,0
023b449b96212dc0efaedde030aa38ebab13ac9a4264cee1a20b8366f442a671,"(4,0,0,0)",2,3,7,0,0
db922ac949fca3bcf52f2233849d88fec31cbd68b42e506f695b26d03ab62754,"(4,0,0,0)",0,1,6,0,0
db922ac949fca3bcf52f2233849d88fec31cbd68b42e506f695b26d03ab62754,"(4,0,0,0)",0,2,10,0,0
db922ac949fca3bcf52f2233849d88fec31cbd68b42e506f695b26d03ab62754,"(4,0,0,0)",0,3,5,0,0
db922ac949fca3bcf52f2233849d88fec31cbd68b42e506f695b26d03ab62754,"(4,0,0,0)",1,2,12,0,0
db922ac949fca3bcf52f2233849d88fec31cbd68b42e506f695b26d03ab62754,"(4,0,0,0)",1,3,7,0,0
db922ac949fca3bcf52f2233849d88fec31cbd68b42e506f695b26d03ab62754,"(4,0,0,0)",2,3,4,0,0
05799e852731106dd2d25043af9af4da19025cf1d2971d88a799c077fbac3caa,"(4,0,0,0)",0,1,1,0,0
05799e852731106dd2d25043af9af4da19025cf1d2971d88a799c077fbac3caa,"(4,0,0,0)",0,2,8,0,0
05799e852731106dd2d25043af9af4da19025cf1d2971d88a799c077fbac3caa,"(4,0,0,0)",0,3,8,0,0
05799e852731106dd2d25043af9af4da19025cf1d2971d88a799c077fbac3caa,"(4,0,0,0)",1,2,8,0,0
05799e852731106dd2d25043af9af4da19025cf1d2971d88a799c077fbac3caa,"(4,0,0,0)",1,3,8,0,0
05799e852731106dd2d25043af9af4da19025cf1d2971d88a799c077fbac3caa,"(4,0,0,0)",2,3,7,0,0
af9f1ec88c4c229368a39e872fa4a35bc6661e938891fd29c90d5b339a159470,"(4,0,0,0)",0,1,3,0,0
af9f1ec88c4c229368a39e872fa4a35bc6661e938891fd29c90d5b339a159470,"(4,0,0,0)",0,2,11,0,0
af9f1ec88c4c229368a39e872fa4a35bc6661e938891fd29c90d5b339a159470,"(4,0,0,0)",0,3,11,0,0
af9f1ec88c4c229368a39e872fa4a35bc6661e938891fd29c90d5b339a159470,"(4,0,0,0)",1,2,6,0,0
af9f1ec88c4c229368a39e872fa4a35bc6661e938891fd29c90d5b339a159470,"(4,0,0,0)",1,3,6,0,0
af9f1ec88c4c229368a39e872fa4a35bc6661e938891fd29c90d5b339a159470,"(4,0,0,0)",2,3,9,0,0
219c9d3769357510d16c18bfc123e07cefff17c27a689a381bad296eaa4009ce,"(4,0,0,0)",0,1,6,0,0
219c9d3769357510d16c18bfc123e07cefff17c27a689a381bad296eaa4009ce,"(4,0,0,0)",0,2,3,0,0
219c9d3769357510d16c18bfc123e07cefff17c27a689a381bad296eaa4009ce,"(4,0,0,0)",0,3,7,0,0
219c9d3769357510d16c18bfc123e07cefff17c27a689a381bad296eaa4009ce,"(4,0,0,0)",1,2,11,0,0
219c9d3769357510d16c18bfc123e07cefff17c27a689a381bad296eaa4009ce,"(4,0,0,0)",1,3,8,0,0
219c9d3769357510d16c18bfc123e07cefff17c27a689a381bad296eaa4009ce,"(4,0,0,0)",2,3,12,0,0
63ec1838fb37377658e7d2cdba6756ef97b0b566efaca28a52827cea0d70da23,"(4,0,0,0)",0,1,8,0,0
63ec1838fb37377658e7d2cdba6756ef97b0b566efaca28a52827cea0d70da23,"(4,0,0,0)",0,2,6,0,0
63ec1838fb37377658e7d2cdba6756ef97b0b566efaca28a52827cea0d70da23,"(4,0,0,0)",0,3,4,0,0
63ec1838fb37377658e7d2cdba6756ef97b0b566efaca28a52827cea0d70da23,"(4,0,0,0)",1,2,10,0,0
63ec1838fb37377658e7d2cdba6756ef97b0b566efaca28a52827cea0d70da23,"(4,0,0,0)",1,3,4,0,0
63ec1838fb37377658e7d2cdba6756ef97b0b566efaca28a52827cea0d70da23,"(4,0,0,0)",2,3,6,0,0
db908e86d3cfe1945681f1d520355c0fdeb7ccfcbe68e0789445947a9b35cd08,"(4,0,0,0)",0,1,11,0,0
db908e86d3cfe1945681f1d520355c0fdeb7ccfcbe68e0789445947a9b35cd08,"(4,0,0,0)",0,2,8,0,0
db908e86d3cfe1945681f1d520355c0fdeb7ccfcbe68e0789445947a9b35cd08,"(4,0,0,0)",0,3,6,0,0
db908e86d3cfe1945681f1d520355c0fdeb7ccfcbe68e0789445947a9b35cd08,"(4,0,0,0)",1,2,12,0,0
db908e86d3cfe1945681f1d520355c0fdeb7ccfcbe68e0789445947a9b35cd08,"(4,0,0,0)",1,3,3,0,0
db908e86d3cfe1945681f1d520355c0fdeb7ccfcbe68e0789445947a9b35cd08,"(4,0,0,0)",2,3,7,0,0
6f782379b510a008e4611928d157f01d061a7c2435e9a6ceaa43c0159613ee6d,"(4,0,0,0)",0,1,5,0,0
6f782379b510a008e4611928d157f01d061a7c2435e9a6ceaa43c0159613ee6d,"(4,0,0,0)",0,2,6,0,0
6f782379b510a008e4611928d157f01d061a7c2435e9a6ceaa43c0159613ee6d,"(4,0,0,0)",0,3,3,0,0
6f782379b510a008e4611928d157f01d061a7c2435e9a6ceaa43c0159613ee6d,"(4,0,0,0)",1,2,11,0,0
6f782379b510a008e4611928d157f01d061a7c2435e9a6ceaa43c0159613ee6d,"(4,0,0,0)",1,3,8,0,0
6f782379b510a008e4611928d157f01d061a7c2435e9a6ceaa43c0159613ee6d,"(4,0,0,0)",2,3,7,0,0
a6c958ebd4dbb2c765112eb9ed473425a3ccac50b30cb2071b9c4da6f76ce1fc,"(4,0,0,0)",0,1,6,0,0
a6c958ebd4dbb2c765112eb9ed473425a3ccac50b30cb2071b9c4da6f76ce1fc,"(4,0,0,0)",0,2,2,0,0
a6c958ebd4dbb2c765112eb9ed473425a3ccac50b30cb2071b9c4da6f76ce1fc,"(4,0,0,0)",0,3,2,0,0
a6c958ebd4dbb2c765112eb9ed473425a3ccac50b30cb2071b9c4da6f76ce1fc,"(4,0,0,0)",1,2,9,0,0
a6c958ebd4dbb2c765112eb9ed473425a3ccac50b30cb2071b9c4da6f76ce1fc,"(4,0,0,0)",1,3,6,0,0
a6c958ebd4dbb2c765112eb9ed473425a3ccac50b30cb2071b9c4da6f76ce1fc,"(4,0,0,0)",2,3,5,0,0
164a253c8c04ad6a21f0101a94339b07133682cef3cb8736ab9e761447a3f7f9,"(4,0,0,0)",0,1,11,0,0
164a253c8c04ad6a21f0101a94339b07133682cef3cb8736ab9e761447a3f7f9,"(4,0,0,0)",0,2,10,0,0
164a253c8c04ad6a21f0101a94339b07133682cef3cb8736ab9e761447a3f7f9,"(4,0,0,0)",0,3,5,0,0
164a253c8c04ad6a21f0101a94339b07133682cef3cb8736ab9e761447a3f7f9,"(4,0,0,0)",1,2,8,0,0
164a253c8c04ad6a21f0101a94339b07133682cef3cb8736ab9e761447a3f7f9,"(4,0,0,0)",1,3,5,0,0
164a253c8c04ad6a21f0101a94339b07133682cef3cb8736ab9e761447a3f7f9,"(4,0,0,0)",2,3,4,0,0
de5a0833ee46e5fdb7227c3f767d8d723f8326fe9d448dbb15448867d493bf32,"(4,0,0,0)",0,1,3,0,0
de5a0833ee46e5fdb7227c3f767d8d723f8326fe9d448dbb15448867d493bf32,"(4,0,0,0)",0,2,11,0,0
de5a0833ee46e5fdb7227c3f767d8d723f8326fe9d448dbb15448867d493bf32,"(4,0,0,0)",0,3,10,0,0
de5a0833ee46e5fdb7227c3f767d8d723f8326fe9d448dbb15448867d493bf32,"(4,0,0,0)",1,2,6,0,0
de5a0833ee46e5fdb7227c3f767d8d723f8326fe9d448dbb15448867d493bf32,"(4,0,0,0)",1,3,5,0,0
de5a0833ee46e5fdb7227c3f767d8d723f8326fe9d448dbb15448867d493bf32,"(4,0,0,0)",2,3,9,0,0
84d1dda70f64baed1fa34e51344ce34398b57ce11fe73c764fa5db390b5ff1ed,"(4,0,0,0)",0,1,8,0,0
84d1dda70f64baed1fa34e51344ce34398b57ce11fe73c764fa5db390b5ff1ed,"(4,0,0,0)",0,2,5,0,0
84d1dda70f64baed1fa34e51344ce34398b57ce11fe73c764fa5db390b5ff1ed,"(4,0,0,0)",0,3,8,0,0
84d1dda70f64baed1fa34e51344ce34398b57ce11fe73c764fa5db390b5ff1ed,"(4,0,0,0)",1,2,3,0,0
84d1dda70f64baed1fa34e51344ce34398b57ce11fe73c764fa5db390b5ff1ed,"(4,0,0,0)",1,3,10,0,0
84d1dda70f64baed1fa34e51344ce34398b57ce11fe73c764fa5db390b5ff1ed,"(4,0,0,0)",2,3,7,0,0
dbc2a135be820de966f9e60e093a66a724ad899e20c017c61fcd0a6d00ee4877,"(4,0,0,0)",0,1,11,0,0
dbc2a135be820de966f9e60e093a66a724ad899e20c017c61fcd0a6d00ee4877,"(4,0,0,0)",0,2,3,0,0
dbc2a135be820de966f9e60e093a66a724ad899e20c017c61fcd0a6d00ee4877,"(4,0,0,0)",0,3,10,0,0
dbc2a135be820de966f9e60e093a66a724ad899e20c017c61fcd0a6d00ee4877,"(4,0,0,0)",1,2,8,0,0
dbc2a135be820de966f9e60e093a66a724ad899e20c017c61fcd0a6d00ee4877,"(4,0,0,0)",1,3,5,0,0
dbc2a135be820de966f9e60e093a66a724ad899e20c017c61fcd0a6d00ee4877,"(4,0,0,0)",2,3,7,0,0
aa89c1828939758e9ff0eea8e05707125b4d411e6c3ee7f75044d21f89434ace,"(4,0,0,0)",0,1,10,0,0
aa89c1828939758e9ff0eea8e05707125b4d411e6c3ee7f75044d21f89434ace,"(4,0,0,0)",0,2,7,0,0
aa89c1828939758e9ff0eea8e05707125b4d411e6c3ee7f75044d21f89434ace,"(4,0,0,0)",0,3,5,0,0
aa89c1828939758e9ff0eea8e05707125b4d411e6c3ee7f75044d21f89434ace,"(4,0,0,0)",1,2,10,0,0
aa89c1828939758e9ff0eea8e05707125b4d411e6c3ee7f75044d21f89434ace,"(4,0,0,0)",1,3,3,0,0
aa89c1828939758e9ff0eea8e05707125b4d411e6c3ee7f75044d21f89434ace,"(4,0,0,0)",2,3,5,0,0
5bcae211f6fb331c113a4aa83eab7c3fb1ff5d988668eeaf6c24d15b81a669e3,"(4,0,0,0)",0,1,6,0,0
5bcae211f6fb331c113a4aa83eab7c3fb1ff5d988668eeaf6c24d15b81a669e3,"(4,0,0,0)",0,2,6,0,0
5bcae211f6fb331c113a4aa83eab7c3fb1ff5d988668eeaf6c24d15b81a669e3,"(4,0,0,0)",0,3,5,0,0
5bcae211f6fb331c113a4aa83eab7c3fb1ff5d988668eeaf6c24d15b81a669e3,"(4,0,0,0)",1,2,8,0,0
5bcae211f6fb331c113a4aa83eab7c3fb1ff5d988668eeaf6c24d15b81a669e3,"(4,0,0,0)",1,3,8,0,0
5bcae211f6fb331c113a4aa83eab7c3fb1ff5d988668eeaf6c24d15b81a669e3,"(4,0,0,0)",2,3,7,0,0
fca595746c25d211079f03e10cbeb184af8af383b87628de202845c4ec54cf93,"(4,0,0,0)",0,1,5,0,0
fca595746c25d211079f03e10cbeb184af8af383b87628de202845c4ec54cf93,"(4,0,0,0)",0,2,11,0,0
fca595746c25d211079f03e10cbeb184af8af383b87628de202845c4ec54cf93,"(4,0,0,0)",0,3,9,0,0
fca595746c25d211079f03e10cbeb184af8af383b87628de202845c4ec54cf93,"(4,0,0,0)",1,2,6,0,0
fca595746c25d211079f03e10cbeb184af8af383b87628de202845c4ec54cf93,"(4,0,0,0)",1,3,4,0,0
fca595746c25d211079f03e10cbeb184af8af383b87628de202845c4ec54cf93,"(4,0,0,0)",2,3,6,0,0
28e1e7d1bc7aa6ccf5bb4661bf323f8a9979376ac050f2f9207142581df5de42,"(4,0,0,0)",0,1,0,1,0
28e1e7d1bc7aa6ccf5bb4661bf323f8a9979376ac050f2f9207142581df5de42,"(4,0,0,0)",0,2,9,0,0
28e1e7d1bc7aa6ccf5bb4661bf323f8a9979376ac050f2f9207142581df5de42,"(4,0,0,0)",0,3,9,0,0
28e1e7d1bc7aa6ccf5bb4661bf323f8a9979376ac050f2f9207142581df5de42,"(4,0,0,0)",1,2,8,0,0
28e1e7d1bc7aa6ccf5bb4661bf323f8a9979376ac050f2f9207142581df5de42,"(4,0,0,0)",1,3,8,0,0
28e1e7d1bc7aa6ccf5bb4661bf323f8a9979376ac050f2f9207142581df5de42,"(4,0,0,0)",2,3,7,0,0
c2b002392b14ab96679c57d74a7d9dfb38dcc03e2b11f68b19963b76361d8ff5,"(4,0,0,0)",0,1,7,0,0
c2b002392b14ab96679c57d74a7d9dfb38dcc03e2b11f68b19963b76361d8ff5,"(4,0,0,0)",0,2,7,0,0
c2b002392b14ab96679c57d74a7d9dfb38dcc03e2b11f68b19963b76361d8ff5,"(4,0,0,0)",0,3,3,0,0
c2b002392b14ab96679c57d74a7d9dfb38dcc03e2b11f68b19963b76361d8ff5,"(4,0,0,0)",1,2,12,0,0
c2b002392b14ab96679c57d74a7d9dfb38dcc03e2b11f68b19963b76361d8ff5,"(4,0,0,0)",1,3,8,0,0
c2b002392b14ab96679c57d74a7d9dfb38dcc03e2b11f68b19963b76361d8ff5,"(4,0,0,0)",2,3,2,0,0
8df9d67725ceb6796b27b8d5d0df2c1eb77bc68bfca9b41fc2e046df1b8feb3b,"(4,0,0,0)",0,1,3,0,0
8df9d67725ceb6796b27b8d5d0df2c1eb77bc68bfca9b41fc2e046df1b8feb3b,"(4,0,0,0)",0,2,8,0,0
8df9d67725ceb6796b27b8d5d0df2c1eb77bc68bfca9b41fc2e046df1b8feb3b,"(4,0,0,0)",0,3,8,0,0
8df9d67725ceb6796b27b8d5d0df2c1eb77bc68bfca9b41fc2e046df1b8feb3b,"(4,0,0,0)",1,2,6,0,0
8df9d67725ceb6796b27b8d5d0df2c1eb77bc68bfca9b41fc2e046df1b8feb3b,"(4,0,0,0)",1,3,6,0,0
8df9d67725ceb6796b27b8d5d0df2c1eb77bc68bfca9b41fc2e046df1b8feb3b,"(4,0,0,0)",2,3,7,0,0
009d525cd9ea7e484944ff987592ee617f7657ff87899d1b2fc9812064a0323d,"(4,0,0,0)",0,1,2,0,0
009d525cd9ea7e484944ff987592ee617f7657ff87899d1b2fc9812064a0323d,"(4,0,0,0)",0,2,7,0,0
009d525cd9ea7e484944ff987592ee617f7657ff87899d1b2fc9812064a0323d,"(4,0,0,0)",0,3,4,0,0
009d525cd9ea7e484944ff987592ee617f7657ff87899d1b2fc9812064a0323d,"(4,0,0,0)",1,2,7,0,0
009d525cd9ea7e484944ff987592ee617f7657ff87899d1b2fc9812064a0323d,"(4,0,0,0)",1,3,4,0,0
009d525cd9ea7e484944ff987592ee617f7657ff87899d1b2fc9812064a0323d,"(4,0,0,0)",2,3,7,0,0
c77650288ac0866ffda19aab96a59eb883ccbba36d3613e0ebd43a4fa02fe8a8,"(4,0,0,0)",0,1,3,0,0
c77650288ac0866ffda19aab96a59eb883ccbba36d3613e0ebd43a4fa02fe8a8,"(4,0,0,0)",0,2,7,0,0
c77650288ac0866ffda19aab96a59eb883ccbba36d3613e0ebd43a4fa02fe8a8,"(4,0,0,0)",0,3,6,0,0
c77650288ac0866ffda19aab96a59eb883ccbba36d3613e0ebd43a4fa02fe8a8,"(4,0,0,0)",1,2,7,0,0
c77650288ac0866ffda19aab96a59eb883ccbba36d3613e0ebd43a4fa02fe8a8,"(4,0,0,0)",1,3,4,0,0
c77650288ac0866ffda19aab96a59eb883ccbba36d3613e0ebd43a4fa02fe8a8,"(4,0,0,0)",2,3,7,0,0
10a92b2da85f481ecb802976f94919fb6a229a190ed6a6ece8e73b913f9c3046,"(4,0,0,0)",0,1,2,0,0
10a92b2da85f481ecb802976f94919fb6a229a190ed6a6ece8e73b913f9c3046,"(4,0,0,0)",0,2,7,0,0
10a92b2da85f481ecb802976f94919fb6a229a190ed6a6ece8e73b913f9c3046,"(4,0,0,0)",0,3,7,0,0
10a92b2da85f481ecb802976f94919fb6a229a190ed6a6ece8e73b913f9c3046,"(4,0,0,0)",1,2,7,0,0
10a92b2da85f481ecb802976f94919fb6a229a190ed6a6ece8e73b913f9c3046,"(4,0,0,0)",1,3,7,0,0
10a92b2da85f481ecb802976f94919fb6a229a190ed6a6ece8e73b913f9c3046,"(4,0,0,0)",2,3,7,0,0
86e3fab6d292d7f82c535a9e9f9226ba0f4c87abc5c836bfd39614902618518b,"(3,1,0,0)",0,1,7,0,0
86e3fab6d292d7f82c535a9e9f9226ba0f4c87abc5c836bfd39614902618518b,"(3,1,0,0)",0,2,7,0,0
86e3fab6d292d7f82c535a9e9f9226ba0f4c87abc5c836bfd39614902618518b,"(3,1,0,0)",1,2,4,0,0
2703c67b238658c6df9696f15af9fc472e09474ca3b8f6bead025c6266029f3f,"(3,1,0,0)",0,1,4,0,0
2703c67b238658c6df9696f15af9fc472e09474ca3b8f6bead025c6266029f3f,"(3,1,0,0)",0,2,7,0,0
2703c67b238658c6df9696f15af9fc472e09474ca3b8f6bead025c6266029f3f,"(3,1,0,0)",1,2,7,0,0
8f64930e02595e61efd85247d4c0b2595920c76d7c17f50bf647a8bb48880187,"(3,1,0,0)",0,1,4,0,0
8f64930e02595e61efd85247d4c0b2595920c76d7c17f50bf647a8bb48880187,"(3,1,0,0)",0,2,7,0,0
8f64930e02595e61efd85247d4c0b2595920c76d7c17f50bf647a8bb48880187,"(3,1,0,0)",1,2,7,0,0
296a05d7676f86eb249e0149373e1a3104baff834c29dbb3f1ed69e1549224b7,"(3,1,0,0)",0,1,7,0,0
296a05d7676f86eb249e0149373e1a3104baff834c29dbb3f1ed69e1549224b7,"(3,1,0,0)",0,2,7,0,0
296a05d7676f86eb249e0149373e1a3104baff834c29dbb3f1ed69e1549224b7,"(3,1,0,0)",1,2,7,0,0
a9a8c10b75308e16f422ae578a1804702e3e980e227ae9355e940b1da5f30805,"(3,1,0,0)",0,1,7,0,0
a9a8c10b75308e16f422ae578a1804702e3e980e227ae9355e940b1da5f30805,"(3,1,0,0)",0,2,4,0,0
a9a8c10b75308e16f422ae578a1804702e3e980e227ae9355e940b1da5f30805,"(3,1,0,0)",1,2,7,0,0
4f07a3cfbd06beafc28378c5f538774bda9905d8e5e51376215b64b85414cd21,"(3,1,0,0)",0,1,7,0,0
4f07a3cfbd06beafc28378c5f538774bda9905d8e5e51376215b64b85414cd21,"(3,1,0,0)",0,2,7,0,0
4f07a3cfbd06beafc28378c5f538774bda9905d8e5e51376215b64b85414cd21,"(3,1,0,0)",1,2,7,0,0
335b508e242d5529bed09172ce30f5b85e2059da3eddc259e7bbe154c98dfe7e,"(3,1,0,0)",0,1,7,0,0
335b508e242d5529bed09172ce30f5b85e2059da3eddc259e7bbe154c98dfe7e,"(3,1,0,0)",0,2,7,0,0
335b508e242d5529bed09172ce30f5b85e2059da3eddc259e7bbe154c98dfe7e,"(3,1,0,0)",1,2,7,0,0
84e3ccc08fcd1f0fcdeb89d793081233a2fa79ad9fc6ccd9e4d3784ce5e3d07b,"(3,1,0,0)",0,1,3,0,0
84e3ccc08fcd1f0fcdeb89d793081233a2fa79ad9fc6ccd9e4d3784ce5e3d07b,"(3,1,0,0)",0,2,7,0,0
84e3ccc08fcd1f0fcdeb89d793081233a2fa79ad9fc6ccd9e4d3784ce5e3d07b,"(3,1,0,0)",1,2,5,0,0
c664abd5d5d0271689b13af14a288c01649d47575c3d995b06b25ac405690e5a,"(3,1,0,0)",0,1,2,0,0
c664abd5d5d0271689b13af14a288c01649d47575c3d995b06b25ac405690e5a,"(3,1,0,0)",0,2,7,0,0
c664abd5d5d0271689b13af14a288c01649d47575c3d995b06b25ac405690e5a,"(3,1,0,0)",1,2,5,0,0
5a03019daff39f9fd57ceaece934d1692d4ee54c6dbeec8456a94b2e8261d0ac,"(3,1,0,0)",0,1,7,0,0
5a03019daff39f9fd57ceaece934d1692d4ee54c6dbeec8456a94b2e8261d0ac,"(3,1,0,0)",0,2,7,0,0
5a03019daff39f9fd57ceaece934d1692d4ee54c6dbeec8456a94b2e8261d0ac,"(3,1,0,0)",1,2,4,0,0
975b9f30edbe6ef4223c5da048f4965ee3b274e237648509a7c47295b1e962b3,"(3,1,0,0)",0,1,4,0,0
975b9f30edbe6ef4223c5da048f4965ee3b274e237648509a7c47295b1e962b3,"(3,1,0,0)",0,2,7,0,0
975b9f30edbe6ef4223c5da048f4965ee3b274e237648509a7c47295b1e962b3,"(3,1,0,0)",1,2,7,0,0
97e9abae9cbe049ced3b371317eeb51f18f447ad94c383db4d1d0e39e3dc9991,"(3,1,0,0)",0,1,7,0,0
97e9abae9cbe049ced3b371317eeb51f18f447ad94c383db4d1d0e39e3dc9991,"(3,1,0,0)",0,2,4,0,0
97e9abae9cbe049ced3b371317eeb51f18f447ad94c383db4d1d0e39e3dc9991,"(3,1,0,0)",1,2,7,0,0
807722e2708abbc934a9a2370480484f7c5018657b5bbebfbee3850b8cf7e298,"(3,1,0,0)",0,1,7,0,0
807722e2708abbc934a9a2370480484f7c5018657b5bbebfbee3850b8cf7e298,"(3,1,0,0)",0,2,5,0,0
807722e2708abbc934a9a2370480484f7c5018657b5bbebfbee3850b8cf7e298,"(3,1,0,0)",1,2,6,0,0
1ca8e4f8148ea84b31b2c5ebf85c192fad7b7fb711c4db622c9a684baa192569,"(3,1,0,0)",0,1,7,0,0
1ca8e4f8148ea84b31b2c5ebf85c192fad7b7fb711c4db622c9a684baa192569,"(3,1,0,0)",0,2,7,0,0
1ca8e4f8148ea84b31b2c5ebf85c192fad7b7fb711c4db622c9a684baa192569,"(3,1,0,0)",1,2,4,0,0
d73ee3f543b038963e573dbea8b420c60ded38b19ca09b0e85cd884d20738379,"(3,1,0,0)",0,1,4,0,0
d73ee3f543b038963e573dbea8b420c60ded38b19ca09b0e85cd884d20738379,"(3,1,0,0)",0,2,7,0,0
d73ee3f543b038963e573dbea8b420c60ded38b19ca09b0e85cd884d20738379,"(3,1,0,0)",1,2,7,0,0
01bffee8eceedf59e16917d791da216e41dddfdbc10f0f17231f8d6bf99f5143,"(3,1,0,0)",0,1,2,0,0
01bffee8eceedf59e16917d791da216e41dddfdbc10f0f17231f8d6bf99f5143,"(3,1,0,0)",0,2,7,0,0
01bffee8eceedf59e16917d791da216e41dddfdbc10f0f17231f8d6bf99f5143,"(3,1,0,0)",1,2,5,0,0
098fb27561a6e076f4eb53c9b96687095384ff51c9bfd7251a3a00774cf87513,"(3,1,0,0)",0,1,6,0,0
098fb27561a6e076f4eb53c9b96687095384ff51c9bfd7251a3a00774cf87513,"(3,1,0,0)",0,2,7,0,0
098fb27561a6e076f4eb53c9b96687095384ff51c9bfd7251a3a00774cf87513,"(3,1,0,0)",1,2,5,0,0
dbaf5360c8f5417a9dc92d9da915ac3dd1bb7e92e1c83ffc82d32b3e5974aa33,"(3,1,0,0)",0,1,7,0,0
dbaf5360c8f5417a9dc92d9da915ac3dd1bb7e92e1c83ffc82d32b3e5974aa33,"(3,1,0,0)",0,2,6,0,0
dbaf5360c8f5417a9dc92d9da915ac3dd1bb7e92e1c83ffc82d32b3e5974aa33,"(3,1,0,0)",1,2,5,0,0
16ab83167a2e23de67e41269280342b7680ac41204493f1c42ee01eb4c17722b,"(3,1,0,0)",0,1,7,0,0
16ab83167a2e23de67e41269280342b7680ac41204493f1c42ee01eb4c17722b,"(3,1,0,0)",0,2,7,0,0
16ab83167a2e23de67e41269280342b7680ac41204493f1c42ee01eb4c17722b,"(3,1,0,0)",1,2,7,0,0
4796f59fb4040e8b8d6b4116202be3b805938ea1f629063dfc2bc2f33d3b67aa,"(3,1,0,0)",0,1,6,0,0
4796f59fb4040e8b8d6b4116202be3b805938ea1f629063dfc2bc2f33d3b67aa,"(3,1,0,0)",0,2,7,0,0
4796f59fb4040e8b8d6b4116202be3b805938ea1f629063dfc2bc2f33d3b67aa,"(3,1,0,0)",1,2,5,0,0
1cb25b9e115bb33d978221e01835e64fc2b304d82facbc2e255d6a5769af8278,"(3,1,0,0)",0,1,10,0,0
1cb25b9e115bb33d978221e01835e64fc2b304d82facbc2e255d6a5769af8278,"(3,1,0,0)",0,2,10,0,0
1cb25b9e115bb33d978221e01835e64fc2b304d82facbc2e255d6a5769af8278,"(3,1,0,0)",1,2,7,0,0
7d78fc71f0091067bf800e79fca996a21d9e49ccc9fec163e5344285c26d9519,"(3,1,0,0)",0,1,6,0,0
7d78fc71f0091067bf800e79fca996a21d9e49ccc9fec163e5344285c26d9519,"(3,1,0,0)",0,2,7,0,0
7d78fc71f0091067bf800e79fca996a21d9e49ccc9fec163e5344285c26d9519,"(3,1,0,0)",1,2,5,0,0
ebba8c4bf5185d1c58f4be7b185b7ec0e669082a19475c4c1983c09f2324d14b,"(3,1,0,0)",0,1,10,0,0
ebba8c4bf5185d1c58f4be7b185b7ec0e669082a19475c4c1983c09f2324d14b,"(3,1,0,0)",0,2,10,0,0
ebba8c4bf5185d1c58f4be7b185b7ec0e669082a19475c4c1983c09f2324d14b,"(3,1,0,0)",1,2,4,0,0
07945d0bde4024f39785b0b9fb3152d6872b1949fbf327fc27281970b6e5727e,"(3,1,0,0)",0,1,7,0,0
07945d0bde4024f39785b0b9fb3152d6872b1949fbf327fc27281970b6e5727e,"(3,1,0,0)",0,2,3,0,0
07945d0bde4024f39785b0b9fb3152d6872b1949fbf327fc27281970b6e5727e,"(3,1,0,0)",1,2,5,0,0
2a2108cfe9086c09297451724ae8d09586293a3334c40b4852032137a287c8f9,"(3,1,0,0)",0,1,7,0,0
2a2108cfe9086c09297451724ae8d09586293a3334c40b4852032137a287c8f9,"(3,1,0,0)",0,2,10,0,0
2a2108cfe9086c09297451724ae8d09586293a3334c40b4852032137a287c8f9,"(3,1,0,0)",1,2,7,0,0
c84c5c13fd535ef1ce7be0983243fb1211676f323dc154adb70842eaeac7c217,"(3,1,0,0)",0,1,5,0,0
c84c5c13fd535ef1ce7be0983243fb1211676f323dc154adb70842eaeac7c217,"(3,1,0,0)",0,2,7,0,0
c84c5c13fd535ef1ce7be0983243fb1211676f323dc154adb70842eaeac7c217,"(3,1,0,0)",1,2,6,0,0
8943b6f53230894170be7d3e9d515428864d62b7d93e073ae5bb9f36504b5b4a,"(3,1,0,0)",0,1,7,0,0
8943b6f53230894170be7d3e9d515428864d62b7d93e073ae5bb9f36504b5b4a,"(3,1,0,0)",0,2,7,0,0
8943b6f53230894170be7d3e9d515428864d62b7d93e073ae5bb9f36504b5b4a,"(3,1,0,0)",1,2,4,0,0
4e4dd5e0fe7b2834f77a19719281c208c09f3892470c898a4f5ade40b021028d,"(3,1,0,0)",0,1,7,0,0
4e4dd5e0fe7b2834f77a19719281c208c09f3892470c898a4f5ade40b021028d,"(3,1,0,0)",0,2,7,0,0
4e4dd5e0fe7b2834f77a19719281c208c09f3892470c898a4f5ade40b021028d,"(3,1,0,0)",1,2,3,0,0
86eb0024f83a947af3ef365372ebe1f648491308271eb96a21e4bea4a52bb749,"(3,1,0,0)",0,1,7,0,0
86eb0024f83a947af3ef365372ebe1f648491308271eb96a21e4bea4a52bb749,"(3,1,0,0)",0,2,7,0,0
86eb0024f83a947af3ef365372ebe1f648491308271eb96a21e4bea4a52bb749,"(3,1,0,0)",1,2,7,0,0
9c67c4e38bd020329aa51679faad1f2d35d6dfe52541c450a97c6964ccd96dbe,"(3,1,0,0)",0,1,5,0,0
9c67c4e38bd020329aa51679faad1f2d35d6dfe52541c450a97c6964ccd96dbe,"(3,1,0,0)",0,2,6,0,0
9c67c4e38bd020329aa51679faad1f2d35d6dfe52541c450a97c6964ccd96dbe,"(3,1,0,0)",1,2,5,0,0
7eafb4d6ddcde451897d07120f7f4e748cd68ef5df71b5e0372c76fb29bc5578,"(3,1,0,0)",0,1,10,0,0
7eafb4d6ddcde451897d07120f7f4e748cd68ef5df71b5e0372c76fb29bc5578,"(3,1,0,0)",0,2,10,0,0
7eafb4d6ddcde451897d07120f7f4e748cd68ef5df71b5e0372c76fb29bc5578,"(3,1,0,0)",1,2,7,0,0
69218856a7e80aacf9de23498bef8d3a5a1e1bf51dcbc57a861866a6ceea89e3,"(3,1,0,0)",0,1,7,0,0
69218856a7e80aacf9de23498bef8d3a5a1e1bf51dcbc57a861866a6ceea89e3,"(3,1,0,0)",0,2,7,0,0
69218856a7e80aacf9de23498bef8d3a5a1e1bf51dcbc57a861866a6ceea89e3,"(3,1,0,0)",1,2,4,0,0
3d23a50bfd41353eafe8ae9793618c671794830d38ecab454ac93305c16ceb1b,"(3,1,0,0)",0,1,5,0,0
3d23a50bfd41353eafe8ae9793618c671794830d38ecab454ac93305c16ceb1b,"(3,1,0,0)",0,2,6,0,0
3d23a50bfd41353eafe8ae9793618c671794830d38ecab454ac93305c16ceb1b,"(3,1,0,0)",1,2,5,0,0
8f1cda2750f221420bd917ed982ebc2edc97ec45f019ac8edace6bda4056e249,"(3,1,0,0)",0,1,7,0,0
8f1cda2750f221420bd917ed982ebc2edc97ec45f019ac8edace6bda4056e249,"(3,1,0,0)",0,2,4,0,0
8f1cda2750f221420bd917ed982ebc2edc97ec45f019ac8edace6bda4056e249,"(3,1,0,0)",1,2,7,0,0
72a6f0c84224b62eaaf4d4a1b4537cd69adab5f9ecea0b5d0a5aba9f93879626,"(3,1,0,0)",0,1,10,0,0
72a6f0c84224b62eaaf4d4a1b4537cd69adab5f9ecea0b5d0a5aba9f93879626,"(3,1,0,0)",0,2,7,0,0
72a6f0c84224b62eaaf4d4a1b4537cd69adab5f9ecea0b5d0a5aba9f93879626,"(3,1,0,0)",1,2,7,0,0
e655c64c372754e064903c5db8106b8942c400e433833cc47ba69c0f583bf59a,"(3,1,0,0)",0,1,7,0,0
e655c64c372754e064903c5db8106b8942c400e433833cc47ba69c0f583bf59a,"(3,1,0,0)",0,2,7,0,0
e655c64c372754e064903c5db8106b8942c400e433833cc47ba69c0f583bf59a,"(3,1,0,0)",1,2,7,0,0
2d8512c044b1edb10ee0b2ee47281640348c6cb77e0d8ad4e50d4873f1cfbf88,"(3,1,0,0)",0,1,10,0,0
2d8512c044b1edb10ee0b2ee47281640348c6cb77e0d8ad4e50d4873f1cfbf88,"(3,1,0,0)",0,2,10,0,0
2d8512c044b1edb10ee0b2ee47281640348c6cb77e0d8ad4e50d4873f1cfbf88,"(3,1,0,0)",1,2,4,0,0
f8e8ca917d8e4c60de248fa76ac6a0b5a0066aebac23b221050682c39c20d628,"(3,1,0,0)",0,1,10,0,0
f8e8ca917d8e4c60de248fa76ac6a0b5a0066aebac23b221050682c39c20d628,"(3,1,0,0)",0,2,10,0,0
f8e8ca917d8e4c60de248fa76ac6a0b5a0066aebac23b221050682c39c20d628,"(3,1,0,0)",1,2,3,0,0
0f0b58d5c45f2f147ce9d75d18ddc6c4120ca103c3738e6a832a7bb773de8e22,"(3,1,0,0)",0,1,7,0,0
0f0b58d5c45f2f147ce9d75d18ddc6c4120ca103c3738e6a832a7bb773de8e22,"(3,1,0,0)",0,2,5,0,0
0f0b58d5c45f2f147ce9d75d18ddc6c4120ca103c3738e6a832a7bb773de8e22,"(3,1,0,0)",1,2,6,0,0
f45b83fb91cbcabca73d57221dcff63e63dd7f50b6e861f044f80618180672c2,"(3,1,0,0)",0,1,5,0,0
f45b83fb91cbcabca73d57221dcff63e63dd7f50b6e861f044f80618180672c2,"(3,1,0,0)",0,2,6,0,0
f45b83fb91cbcabca73d57221dcff63e63dd7f50b6e861f044f80618180672c2,"(3,1,0,0)",1,2,7,0,0
e36957f7d54600e028e56d8b1101b1cab048644172744dc963e57027565c9eeb,"(3,1,0,0)",0,1,7,0,0
e36957f7d54600e028e56d8b1101b1cab048644172744dc963e57027565c9eeb,"(3,1,0,0)",0,2,7,0,0
e36957f7d54600e028e56d8b1101b1cab048644172744dc963e57027565c9eeb,"(3,1,0,0)",1,2,7,0,0
2eaf734e64f757e7152251ad30259374fb023e166517ed14f0761649d0f93860,"(3,1,0,0)",0,1,11,0,0
2eaf734e64f757e7152251ad30259374fb023e166517ed14f0761649d0f93860,"(3,1,0,0)",0,2,11,0,0
2eaf734e64f757e7152251ad30259374fb023e166517ed14f0761649d0f93860,"(3,1,0,0)",1,2,7,0,0
3c7ee0592f52a34c1603a5164d10d8b1920719e4bfb9406223571dfca4ff2737,"(3,1,0,0)",0,1,7,0,0
3c7ee0592f52a34c1603a5164d10d8b1920719e4bfb9406223571dfca4ff2737,"(3,1,0,0)",0,2,7,0,0
3c7ee0592f52a34c1603a5164d10d8b1920719e4bfb9406223571dfca4ff2737,"(3,1,0,0)",1,2,4,0,0
956ea2a22ab5b980bda8be3242c3d4156bcd01bc2538d400c6b778a6d474d317,"(3,1,0,0)",0,1,5,0,0
956ea2a22ab5b980bda8be3242c3d4156bcd01bc2538d400c6b778a6d474d317,"(3,1,0,0)",0,2,6,0,0
956ea2a22ab5b980bda8be3242c3d4156bcd01bc2538d400c6b778a6d474d317,"(3,1,0,0)",1,2,7,0,0
d340339e8dfe89c4b922425e9b9c0d9beb534b10ec27b734ab92a82b8582df47,"(3,1,0,0)",0,1,4,0,0
d340339e8dfe89c4b922425e9b9c0d9beb534b10ec27b734ab92a82b8582df47,"(3,1,0,0)",0,2,7,0,0
d340339e8dfe89c4b922425e9b9c0d9beb534b10ec27b734ab92a82b8582df47,"(3,1,0,0)",1,2,7,0,0
a1dd1900c159a9af10a98a61b45ee80b66d51ff5b071286c832baa871c67523f,"(3,1,0,0)",0,1,4,0,0
a1dd1900c159a9af10a98a61b45ee80b66d51ff5b071286c832baa871c67523f,"(3,1,0,0)",0,2,7,0,0
a1dd1900c159a9af10a98a61b45ee80b66d51ff5b071286c832baa871c67523f,"(3,1,0,0)",1,2,7,0,0
16463a9e8d862f93cd441670b2f52bcd303808d1f80ec489a2d742a69deb117e,"(3,1,0,0)",0,1,7,0,0
16463a9e8d862f93cd441670b2f52bcd303808d1f80ec489a2d742a69deb117e,"(3,1,0,0)",0,2,7,0,0
16463a9e8d862f93cd441670b2f52bcd303808d1f80ec489a2d742a69deb117e,"(3,1,0,0)",1,2,7,0,0
fb92f483317a469592ed1aa5c6f741afe0c05dbca0b1872b4e34d0d422997b7a,"(3,1,0,0)",0,1,7,0,0
fb92f483317a469592ed1aa5c6f741afe0c05dbca0b1872b4e34d0d422997b7a,"(3,1,0,0)",0,2,7,0,0
fb92f483317a469592ed1aa5c6f741afe0c05dbca0b1872b4e34d0d422997b7a,"(3,1,0,0)",1,2,4,0,0
19a8d75aa23c80ea291df1945b22ea1ad1525b4cb4c272cdb4cc631db5a02d41,"(3,1,0,0)",0,1,7,0,0
19a8d75aa23c80ea291df1945b22ea1ad1525b4cb4c272cdb4cc631db5a02d41,"(3,1,0,0)",0,2,5,0,0
19a8d75aa23c80ea291df1945b22ea1ad1525b4cb4c272cdb4cc631db5a02d41,"(3,1,0,0)",1,2,6,0,0
d925882c007ee36c4e2964327c6b82b37153106b8cc6ffbd6403f36c1b05ea69,"(3,1,0,0)",0,1,4,0,0
d925882c007ee36c4e2964327c6b82b37153106b8cc6ffbd6403f36c1b05ea69,"(3,1,0,0)",0,2,7,0,0
d925882c007ee36c4e2964327c6b82b37153106b8cc6ffbd6403f36c1b05ea69,"(3,1,0,0)",1,2,7,0,0
334602b599217c5da81a90ffd672240abbae467759492417c92b6b4d703bcd26,"(3,1,0,0)",0,1,11,0,0
334602b599217c5da81a90ffd672240abbae467759492417c92b6b4d703bcd26,"(3,1,0,0)",0,2,11,0,0
334602b599217c5da81a90ffd672240abbae467759492417c92b6b4d703bcd26,"(3,1,0,0)",1,2,7,0,0
4e28737741e821e0fc627fe33d4c7077b1461e16e4c1dcc9774076fe3c1635f5,"(3,1,0,0)",0,1,11,0,0
4e28737741e821e0fc627fe33d4c7077b1461e16e4c1dcc9774076fe3c1635f5,"(3,1,0,0)",0,2,11,0,0
4e28737741e821e0fc627fe33d4c7077b1461e16e4c1dcc9774076fe3c1635f5,"(3,1,0,0)",1,2,4,0,0
57e4f37ae008b863665baa879275dbc1b22efd645e8a978032c9d515c85814c7,"(3,1,0,0)",0,1,10,0,0
57e4f37ae008b863665baa879275dbc1b22efd645e8a978032c9d515c85814c7,"(3,1,0,0)",0,2,10,0,0
57e4f37ae008b863665baa879275dbc1b22efd645e8a978032c9d515c85814c7,"(3,1,0,0)",1,2,4,0,0
7dc69a5f4e5602ea0f6b7d49a9bf87be971e19423f4f9ff5eedb7224ecd386f6,"(3,1,0,0)",0,1,10,0,0
7dc69a5f4e5602ea0f6b7d49a9bf87be971e19423f4f9ff5eedb7224ecd386f6,"(3,1,0,0)",0,2,10,0,0
7dc69a5f4e5602ea0f6b7d49a9bf87be971e19423f4f9ff5eedb7224ecd386f6,"(3,1,0,0)",1,2,7,0,0
d6b7149d4d258339aabe2ef436248a4413a4bd2958e8fb12f817c3f0ea2af3fc,"(3,1,0,0)",0,1,4,0,0
d6b7149d4d258339aabe2ef436248a4413a4bd2958e8fb12f817c3f0ea2af3fc,"(3,1,0,0)",0,2,6,0,0
d6b7149d4d258339aabe2ef436248a4413a4bd2958e8fb12f817c3f0ea2af3fc,"(3,1,0,0)",1,2,4,0,0
39a45679b2881e9fe0a6d9196d1adbc9d2438050f84d29f372a070785e9f50df,"(3,1,0,0)",0,1,5,0,0
39a45679b2881e9fe0a6d9196d1adbc9d2438050f84d29f372a070785e9f50df,"(3,1,0,0)",0,2,7,0,0
39a45679b2881e9fe0a6d9196d1adbc9d2438050f84d29f372a070785e9f50df,"(3,1,0,0)",1,2,6,0,0
c606b9e6e190191f4177de11c7e9639f8846d6567a43de3a2ec48d99624e7e80,"(3,1,0,0)",0,1,6,0,0
c606b9e6e190191f4177de11c7e9639f8846d6567a43de3a2ec48d99624e7e80,"(3,1,0,0)",0,2,4,0,0
c606b9e6e190191f4177de11c7e9639f8846d6567a43de3a2ec48d99624e7e80,"(3,1,0,0)",1,2,4,0,0
6f6820f2a693886811dd54ac4e9a4290ae0068c010122a8117dc2155b8888743,"(3,1,0,0)",0,1,11,0,0
6f6820f2a693886811dd54ac4e9a4290ae0068c010122a8117dc2155b8888743,"(3,1,0,0)",0,2,8,0,0
6f6820f2a693886811dd54ac4e9a4290ae0068c010122a8117dc2155b8888743,"(3,1,0,0)",1,2,7,0,0
c787caa90135b2eca4ed96fc4dd9dd4c190cb567d553f9dff73e6ee97857f995,"(3,1,0,0)",0,1,4,0,0
c787caa90135b2eca4ed96fc4dd9dd4c190cb567d553f9dff73e6ee97857f995,"(3,1,0,0)",0,2,4,0,0
c787caa90135b2eca4ed96fc4dd9dd4c190cb567d553f9dff73e6ee97857f995,"(3,1,0,0)",1,2,6,0,0
c79298fe2daf056298db197d09827bbab662eb137191ce47f42ed650fc4a3e3f,"(3,1,0,0)",0,1,6,0,0
c79298fe2daf056298db197d09827bbab662eb137191ce47f42ed650fc4a3e3f,"(3,1,0,0)",0,2,5,0,0
c79298fe2daf056298db197d09827bbab662eb137191ce47f42ed650fc4a3e3f,"(3,1,0,0)",1,2,7,0,0
05c9717cbee9ef75dd27889b29e557ce1a41efe6e3c8f6c58bdfe494e602f86b,"(3,1,0,0)",0,1,7,0,0
05c9717cbee9ef75dd27889b29e557ce1a41efe6e3c8f6c58bdfe494e602f86b,"(3,1,0,0)",0,2,7,0,0
05c9717cbee9ef75dd27889b29e557ce1a41efe6e3c8f6c58bdfe494e602f86b,"(3,1,0,0)",1,2,3,0,0
ce6c58b99b8e3f0b61eb73f26f68e407b27dbc8c5f87b435fac210fd90b5f60e,"(3,1,0,0)",0,1,8,0,0
ce6c58b99b8e3f0b61eb73f26f68e407b27dbc8c5f87b435fac210fd90b5f60e,"(3,1,0,0)",0,2,11,0,0
ce6c58b99b8e3f0b61eb73f26f68e407b27dbc8c5f87b435fac210fd90b5f60e,"(3,1,0,0)",1,2,7,0,0
31d8504a8908a1911a4c41589488517f3d7c75644a3ba409368baa3c52d5835e,"(3,1,0,0)",0,1,11,0,0
31d8504a8908a1911a4c41589488517f3d7c75644a3ba409368baa3c52d5835e,"(3,1,0,0)",0,2,11,0,0
31d8504a8908a1911a4c41589488517f3d7c75644a3ba409368baa3c52d5835e,"(3,1,0,0)",1,2,7,0,0
ff25b0f72548dffc2dd651fff272f3145307cf57c95fb18d787696151f7258b9,"(3,1,0,0)",0,1,11,0,0
ff25b0f72548dffc2dd651fff272f3145307cf57c95fb18d787696151f7258b9,"(3,1,0,0)",0,2,11,0,0
ff25b0f72548dffc2dd651fff272f3145307cf57c95fb18d787696151f7258b9,"(3,1,0,0)",1,2,4,0,0
f228eac5225694f74877cb17e4b6999744fe8dfe423afc2d7a7e4f6a2a698366,"(3,1,0,0)",0,1,7,0,0
f228eac5225694f74877cb17e4b6999744fe8dfe423afc2d7a7e4f6a2a698366,"(3,1,0,0)",0,2,7,0,0
f228eac5225694f74877cb17e4b6999744fe8dfe423afc2d7a7e4f6a2a698366,"(3,1,0,0)",1,2,7,0,0
3ccb3372bf29a71b040f19eb6a6220431f4e4084f9c4eb4ca763d7e7ea104c9d,"(3,1,0,0)",0,1,8,0,0
3ccb3372bf29a71b040f19eb6a6220431f4e4084f9c4eb4ca763d7e7ea104c9d,"(3,1,0,0)",0,2,11,0,0
3ccb3372bf29a71b040f19eb6a6220431f4e4084f9c4eb4ca763d7e7ea104c9d,"(3,1,0,0)",1,2,7,0,0
83bb03a5fbc61aaa7482465ca076c9e471c4fa17437b89347dd7256362d85b34,"(3,1,0,0)",0,1,11,0,0
83bb03a5fbc61aaa7482465ca076c9e471c4fa17437b89347dd7256362d85b34,"(3,1,0,0)",0,2,11,0,0
83bb03a5fbc61aaa7482465ca076c9e471c4fa17437b89347dd7256362d85b34,"(3,1,0,0)",1,2,7,0,0
1fab4210e8b1ce95e3ebd1d4fcb8fa75412bfe4582d001db858167b83ce89f65,"(3,1,0,0)",0,1,11,0,0
1fab4210e8b1ce95e3ebd1d4fcb8fa75412bfe4582d001db858167b83ce89f65,"(3,1,0,0)",0,2,7,0,0
1fab4210e8b1ce95e3ebd1d4fcb8fa75412bfe4582d001db858167b83ce89f65,"(3,1,0,0)",1,2,10,0,0
318ab89a81edbe21b4b7cf195f6d6f2f7e1c2e1e71392644a76477767f087971,"(3,1,0,0)",0,1,10,0,0
318ab89a81edbe21b4b7cf195f6d6f2f7e1c2e1e71392644a76477767f087971,"(3,1,0,0)",0,2,9,0,0
318ab89a81edbe21b4b7cf195f6d6f2f7e1c2e1e71392644a76477767f087971,"(3,1,0,0)",1,2,5,0,0
d17702ef222b9ece292b2064400464fee4023d56ef1f64dbb091570db1f98db0,"(3,1,0,0)",0,1,3,0,0
d17702ef222b9ece292b2064400464fee4023d56ef1f64dbb091570db1f98db0,"(3,1,0,0)",0,2,7,0,0
d17702ef222b9ece292b2064400464fee4023d56ef1f64dbb091570db1f98db0,"(3,1,0,0)",1,2,5,0,0
14f089dea7b8500791124e255a763cbab3fb089c5388a5ba9913f6a885b90a1b,"(3,1,0,0)",0,1,11,0,0
14f089dea7b8500791124e255a763cbab3fb089c5388a5ba9913f6a885b90a1b,"(3,1,0,0)",0,2,11,0,0
14f089dea7b8500791124e255a763cbab3fb089c5388a5ba9913f6a885b90a1b,"(3,1,0,0)",1,2,7,0,0
e66fabf22296eafca5a86a1514e715de51a4e6d478515a19b64fc2bdb0a0dfc7,"(3,1,0,0)",0,1,6,0,0
e66fabf22296eafca5a86a1514e715de51a4e6d478515a19b64fc2bdb0a0dfc7,"(3,1,0,0)",0,2,5,0,0
e66fabf22296eafca5a86a1514e715de51a4e6d478515a19b64fc2bdb0a0dfc7,"(3,1,0,0)",1,2,7,0,0
0486df9b01ae545b3ab4446380039daee3248553a2fabd62dc9f70b8d7763bc7,"(3,1,0,0)",0,1,11,0,0
0486df9b01ae545b3ab4446380039daee3248553a2fabd62dc9f70b8d7763bc7,"(3,1,0,0)",0,2,11,0,0
0486df9b01ae545b3ab4446380039daee3248553a2fabd62dc9f70b8d7763bc7,"(3,1,0,0)",1,2,4,0,0
99c8e9c42b4f22e5858428cfd09dae804bea2a59260a31349c20967863b44d70,"(3,1,0,0)",0,1,8,0,0
99c8e9c42b4f22e5858428cfd09dae804bea2a59260a31349c20967863b44d70,"(3,1,0,0)",0,2,11,0,0
99c8e9c42b4f22e5858428cfd09dae804bea2a59260a31349c20967863b44d70,"(3,1,0,0)",1,2,7,0,0
46aa39e142e9cb7ec3bf86a85f1964761e7ab596a7f2037a05e203a9255d7302,"(3,1,0,0)",0,1,7,0,0
46aa39e142e9cb7ec3bf86a85f1964761e7ab596a7f2037a05e203a9255d7302,"(3,1,0,0)",0,2,5,0,0
46aa39e142e9cb7ec3bf86a85f1964761e7ab596a7f2037a05e203a9255d7302,"(3,1,0,0)",1,2,6,0,0
2377b78a977a5a283ffdfb7d2f9404a3fcace102f4767a2a56b107382e547f54,"(3,1,0,0)",0,1,6,0,0
2377b78a977a5a283ffdfb7d2f9404a3fcace102f4767a2a56b107382e547f54,"(3,1,0,0)",0,2,7,0,0
2377b78a977a5a283ffdfb7d2f9404a3fcace102f4767a2a56b107382e547f54,"(3,1,0,0)",1,2,5,0,0
a56c832e6f430e50ab6edb7b8704ecc499ffdd216d36e88d95a157b40ca65ea7,"(3,1,0,0)",0,1,6,0,0
a56c832e6f430e50ab6edb7b8704ecc499ffdd216d36e88d95a157b40ca65ea7,"(3,1,0,0)",0,2,4,0,0
a56c832e6f430e50ab6edb7b8704ecc499ffdd216d36e88d95a157b40ca65ea7,"(3,1,0,0)",1,2,4,0,0
f3a6f60b5f880e2b80bdcde783cd7b5ed0b9a89975dc36064543eaab5750713f,"(3,1,0,0)",0,1,5,0,0
f3a6f60b5f880e2b80bdcde783cd7b5ed0b9a89975dc36064543eaab5750713f,"(3,1,0,0)",0,2,7,0,0
f3a6f60b5f880e2b80bdcde783cd7b5ed0b9a89975dc36064543eaab5750713f,"(3,1,0,0)",1,2,6,0,0
56cd46945a11bd4214a4af076065c805c7b4de5a2f7f07cbf1436f09104a22f0,"(3,1,0,0)",0,1,11,0,0
56cd46945a11bd4214a4af076065c805c7b4de5a2f7f07cbf1436f09104a22f0,"(3,1,0,0)",0,2,10,0,0
56cd46945a11bd4214a4af076065c805c7b4de5a2f7f07cbf1436f09104a22f0,"(3,1,0,0)",1,2,5,0,0
800416847ec0c8c00342410ae8f5fc39b4228d67c33ed5fb2191b42e5cd7d7e1,"(3,1,0,0)",0,1,9,0,0
800416847ec0c8c00342410ae8f5fc39b4228d67c33ed5fb2191b42e5cd7d7e1,"(3,1,0,0)",0,2,9,0,0
800416847ec0c8c00342410ae8f5fc39b4228d67c33ed5fb2191b42e5cd7d7e1,"(3,1,0,0)",1,2,7,0,0
726aa81c0baf538c13a5e292667db36363da97991c9dbc6a3bc70aa3a9cc4664,"(3,1,0,0)",0,1,6,0,0
726aa81c0baf538c13a5e292667db36363da97991c9dbc6a3bc70aa3a9cc4664,"(3,1,0,0)",0,2,4,0,0
726aa81c0baf538c13a5e292667db36363da97991c9dbc6a3bc70aa3a9cc4664,"(3,1,0,0)",1,2,4,0,0
f747be9669caf5aecb7d314abc4dc7092f8452519a7c15345009c6ab9fa1ac42,"(3,1,0,0)",0,1,6,0,0
f747be9669caf5aecb7d314abc4dc7092f8452519a7c15345009c6ab9fa1ac42,"(3,1,0,0)",0,2,7,0,0
f747be9669caf5aecb7d314abc4dc7092f8452519a7c15345009c6ab9fa1ac42,"(3,1,0,0)",1,2,5,0,0
74c1c74cde710165e0d65e2752aa5430e8a6c52770efbd84977866f371a7f27d,"(3,1,0,0)",0,1,11,0,0
74c1c74cde710165e0d65e2752aa5430e8a6c52770efbd84977866f371a7f27d,"(3,1,0,0)",0,2,11,0,0
74c1c74cde710165e0d65e2752aa5430e8a6c52770efbd84977866f371a7f27d,"(3,1,0,0)",1,2,4,0,0
b050255ea16906fc1981288829245cf802e937ec37814362bf0b3cb513885033,"(3,1,0,0)",0,1,11,0,0
b050255ea16906fc1981288829245cf802e937ec37814362bf0b3cb513885033,"(3,1,0,0)",0,2,7,0,0
b050255ea16906fc1981288829245cf802e937ec37814362bf0b3cb513885033,"(3,1,0,0)",1,2,10,0,0
0b4860734b457318b4fe9849233a71c763370844c5bba7a09ca7cc498211fc1e,"(3,1,0,0)",0,1,11,0,0
0b4860734b457318b4fe9849233a71c763370844c5bba7a09ca7cc498211fc1e,"(3,1,0,0)",0,2,9,0,0
0b4860734b457318b4fe9849233a71c763370844c5bba7a09ca7cc498211fc1e,"(3,1,0,0)",1,2,9,0,0
27bcecf91b92c65f3860f15ebafda6144f910b18e30fa862cea0af7bf01f0e3e,"(3,1,0,0)",0,1,9,0,0
27bcecf91b92c65f3860f15ebafda6144f910b18e30fa862cea0af7bf01f0e3e,"(3,1,0,0)",0,2,10,0,0
27bcecf91b92c65f3860f15ebafda6144f910b18e30fa862cea0af7bf01f0e3e,"(3,1,0,0)",1,2,5,0,0
f9da870d01ea8dc1f5e3199be13df1798ac058b1af2a1501251006b903991869,"(3,1,0,0)",0,1,11,0,0
f9da870d01ea8dc1f5e3199be13df1798ac058b1af2a1501251006b903991869,"(3,1,0,0)",0,2,9,0,0
f9da870d01ea8dc1f5e3199be13df1798ac058b1af2a1501251006b903991869,"(3,1,0,0)",1,2,9,0,0
6517e1c05842f9ee241805462d74187e85236d821e5a8e11852c1aaf4da858f7,"(3,1,0,0)",0,1,11,0,0
6517e1c05842f9ee241805462d74187e85236d821e5a8e11852c1aaf4da858f7,"(3,1,0,0)",0,2,11,0,0
6517e1c05842f9ee241805462d74187e85236d821e5a8e11852c1aaf4da858f7,"(3,1,0,0)",1,2,3,0,0
d9b6f1b8ab084acc2cb6a13b90054c85d7584976c3decbf9345c74c60fbeb26b,"(3,1,0,0)",0,1,10,0,0
d9b6f1b8ab084acc2cb6a13b90054c85d7584976c3decbf9345c74c60fbeb26b,"(3,1,0,0)",0,2,8,0,0
d9b6f1b8ab084acc2cb6a13b90054c85d7584976c3decbf9345c74c60fbeb26b,"(3,1,0,0)",1,2,6,0,0
36feeb8d8ed143253b5d7b8caecd2135e7ae250683e729dc68eaf7d763a3ae28,"(3,1,0,0)",0,1,11,0,0
36feeb8d8ed143253b5d7b8caecd2135e7ae250683e729dc68eaf7d763a3ae28,"(3,1,0,0)",0,2,10,0,0
36feeb8d8ed143253b5d7b8caecd2135e7ae250683e729dc68eaf7d763a3ae28,"(3,1,0,0)",1,2,5,0,0
d9549403a30260da6099ed50e5de2a8eb13b45856dee158ce6389988fac2f4d5,"(3,1,0,0)",0,1,5,0,0
d9549403a30260da6099ed50e5de2a8eb13b45856dee158ce6389988fac2f4d5,"(3,1,0,0)",0,2,7,0,0
d9549403a30260da6099ed50e5de2a8eb13b45856dee158ce6389988fac2f4d5,"(3,1,0,0)",1,2,6,0,0
bdd39756f57ffe008064c7e5e0b5dc19bf58c79b24c4a044f4c83d17962a77b0,"(3,1,0,0)",0,1,6,0,0
bdd39756f57ffe008064c7e5e0b5dc19bf58c79b24c4a044f4c83d17962a77b0,"(3,1,0,0)",0,2,5,0,0
bdd39756f57ffe008064c7e5e0b5dc19bf58c79b24c4a044f4c83d17962a77b0,"(3,1,0,0)",1,2,7,0,0
fd9438b0bcfc1525b4ad3aa11cbb2aac9951449f188baf04c7951616e61a2ff1,"(3,1,0,0)",0,1,10,0,0
fd9438b0bcfc1525b4ad3aa11cbb2aac9951449f188baf04c7951616e61a2ff1,"(3,1,0,0)",0,2,8,0,0
fd9438b0bcfc1525b4ad3aa11cbb2aac9951449f188baf04c7951616e61a2ff1,"(3,1,0,0)",1,2,4,0,0
91de4c2d995e86a34813bbf4954b197e18fb590d673832292e8a70a62f51b70e,"(3,1,0,0)",0,1,8,0,0
91de4c2d995e86a34813bbf4954b197e18fb590d673832292e8a70a62f51b70e,"(3,1,0,0)",0,2,10,0,0
91de4c2d995e86a34813bbf4954b197e18fb590d673832292e8a70a62f51b70e,"(3,1,0,0)",1,2,6,0,0
b664198f0f0f0c1f74e9d77f9618206109075dfc8e38d0b837790ae6a9343ce1,"(3,1,0,0)",0,1,5,0,0
b664198f0f0f0c1f74e9d77f9618206109075dfc8e38d0b837790ae6a9343ce1,"(3,1,0,0)",0,2,5,0,0
b664198f0f0f0c1f74e9d77f9618206109075dfc8e38d0b837790ae6a9343ce1,"(3,1,0,0)",1,2,2,0,0
5193e1ee376ec6883b7300bd7ac071452e2c23ab2fc66246c969d7e4cee2f943,"(3,1,0,0)",0,1,7,0,0
5193e1ee376ec6883b7300bd7ac071452e2c23ab2fc66246c969d7e4cee2f943,"(3,1,0,0)",0,2,7,0,0
5193e1ee376ec6883b7300bd7ac071452e2c23ab2fc66246c969d7e4cee2f943,"(3,1,0,0)",1,2,4,0,0
cdb5a4b419534021fbac51b00fb75319f27333f7bbc15ba7556483fea02e0f54,"(3,1,0,0)",0,1,6,0,0
cdb5a4b419534021fbac51b00fb75319f27333f7bbc15ba7556483fea02e0f54,"(3,1,0,0)",0,2,7,0,0
cdb5a4b419534021fbac51b00fb75319f27333f7bbc15ba7556483fea02e0f54,"(3,1,0,0)",1,2,5,0,0
f3f329fb2bcdc045dc1208617433c8ef9675e2185ed52c62ac8af7549c6adb98,"(3,1,0,0)",0,1,5,0,0
f3f329fb2bcdc045dc1208617433c8ef9675e2185ed52c62ac8af7549c6adb98,"(3,1,0,0)",0,2,7,0,0
f3f329fb2bcdc045dc1208617433c8ef9675e2185ed52c62ac8af7549c6adb98,"(3,1,0,0)",1,2,6,0,0
8a822d842ecde5b36620f2d709f12ee4acc58987dc71d943606a97a85f6b2272,"(3,1,0,0)",0,1,7,0,0
8a822d842ecde5b36620f2d709f12ee4acc58987dc71d943606a97a85f6b2272,"(3,1,0,0)",0,2,7,0,0
8a822d842ecde5b36620f2d709f12ee4acc58987dc71d943606a97a85f6b2272,"(3,1,0,0)",1,2,3,0,0
fcc9300249c9a7244ddfd0a0ece56ff25b12c02e72ed60daee06bfa9076c84ca,"(3,1,0,0)",0,1,7,0,0
fcc9300249c9a7244ddfd0a0ece56ff25b12c02e72ed60daee06bfa9076c84ca,"(3,1,0,0)",0,2,5,0,0
fcc9300249c9a7244ddfd0a0ece56ff25b12c02e72ed60daee06bfa9076c84ca,"(3,1,0,0)",1,2,6,0,0
9061caf2be154b5de6bf783c2a4a7b7cea91520832cc322e585eb72970edda18,"(3,1,0,0)",0,1,6,0,0
9061caf2be154b5de6bf783c2a4a7b7cea91520832cc322e585eb72970edda18,"(3,1,0,0)",0,2,7,0,0
9061caf2be154b5de6bf783c2a4a7b7cea91520832cc322e585eb72970edda18,"(3,1,0,0)",1,2,5,0,0
b9c203ff8aeb5bb4f22925f189fd4613a778b38842b8af1b42f75d0ec1dc6851,"(3,1,0,0)",0,1,7,0,0
b9c203ff8aeb5bb4f22925f189fd4613a778b38842b8af1b42f75d0ec1dc6851,"(3,1,0,0)",0,2,11,0,0
b9c203ff8aeb5bb4f22925f189fd4613a778b38842b8af1b42f75d0ec1dc6851,"(3,1,0,0)",1,2,10,0,0
202e25939552e17e7dc02fe22311befce9038b1c39d8938904f67102e6ba4a23,"(3,1,0,0)",0,1,7,0,0
202e25939552e17e7dc02fe22311befce9038b1c39d8938904f67102e6ba4a23,"(3,1,0,0)",0,2,9,0,0
202e25939552e17e7dc02fe22311befce9038b1c39d8938904f67102e6ba4a23,"(3,1,0,0)",1,2,4,0,0
5ccf05cacb43e4b8f28fc0c3a2a33b507c900299dcc9dac5af9d19a0b7803db8,"(3,1,0,0)",0,1,11,0,0
5ccf05cacb43e4b8f28fc0c3a2a33b507c900299dcc9dac5af9d19a0b7803db8,"(3,1,0,0)",0,2,9,0,0
5ccf05cacb43e4b8f28fc0c3a2a33b507c900299dcc9dac5af9d19a0b7803db8,"(3,1,0,0)",1,2,9,0,0
f60056f2a097b28fda3799d26ade22cdb2370cecdb2b7d3b8bd7fd41e71416c0,"(3,1,0,0)",0,1,10,0,0
f60056f2a097b28fda3799d26ade22cdb2370cecdb2b7d3b8bd7fd41e71416c0,"(3,1,0,0)",0,2,9,0,0
f60056f2a097b28fda3799d26ade22cdb2370cecdb2b7d3b8bd7fd41e71416c0,"(3,1,0,0)",1,2,5,0,0
4db5e503d41d8e5adc9600f61011acba45dfff96aed5014106111e6e15ac735d,"(3,1,0,0)",0,1,11,0,0
4db5e503d41d8e5adc9600f61011acba45dfff96aed5014106111e6e15ac735d,"(3,1,0,0)",0,2,9,0,0
4db5e503d41d8e5adc9600f61011acba45dfff96aed5014106111e6e15ac735d,"(3,1,0,0)",1,2,9,0,0
8fb2ad36caeddab64810688529ce2d3b56c3d9f672cc6f131f54adab8c5f1b50,"(3,1,0,0)",0,1,6,0,0
8fb2ad36caeddab64810688529ce2d3b56c3d9f672cc6f131f54adab8c5f1b50,"(3,1,0,0)",0,2,6,0,0
8fb2ad36caeddab64810688529ce2d3b56c3d9f672cc6f131f54adab8c5f1b50,"(3,1,0,0)",1,2,10,0,0
bc9895865b08cdacf5744c8d3077b318a6f9961dac4822d8ceaf470b62d9cf2b,"(3,1,0,0)",0,1,9,0,0
bc9895865b08cdacf5744c8d3077b318a6f9961dac4822d8ceaf470b62d9cf2b,"(3,1,0,0)",0,2,11,0,0
bc9895865b08cdacf5744c8d3077b318a6f9961dac4822d8ceaf470b62d9cf2b,"(3,1,0,0)",1,2,6,0,0
673c406fc03a8f3a24e3c92e62d8003fde1d2c1afd293552a548deac496cf179,"(3,1,0,0)",0,1,8,0,0
673c406fc03a8f3a24e3c92e62d8003fde1d2c1afd293552a548deac496cf179,"(3,1,0,0)",0,2,11,0,0
673c406fc03a8f3a24e3c92e62d8003fde1d2c1afd293552a548deac496cf179,"(3,1,0,0)",1,2,7,0,0
803fa93ea12c1ca10fd4e93cdde7cd85202dc7742a61ce5a90e5494754e3e189,"(3,1,0,0)",0,1,11,0,0
803fa93ea12c1ca10fd4e93cdde7cd85202dc7742a61ce5a90e5494754e3e189,"(3,1,0,0)",0,2,11,0,0
803fa93ea12c1ca10fd4e93cdde7cd85202dc7742a61ce5a90e5494754e3e189,"(3,1,0,0)",1,2,4,0,0
d4c5fb450ef53ac9967a22d7d357761a485263211ceb73aff519c7e766c59f57,"(3,1,0,0)",0,1,10,0,0
d4c5fb450ef53ac9967a22d7d357761a485263211ceb73aff519c7e766c59f57,"(3,1,0,0)",0,2,11,0,0
d4c5fb450ef53ac9967a22d7d357761a485263211ceb73aff519c7e766c59f57,"(3,1,0,0)",1,2,5,0,0
267e0a598903e14a47494fa3108e5ea1106d8f8114406efec097d95385d0fdc9,"(3,1,0,0)",0,1,9,0,0
267e0a598903e14a47494fa3108e5ea1106d8f8114406efec097d95385d0fdc9,"(3,1,0,0)",0,2,9,0,0
267e0a598903e14a47494fa3108e5ea1106d8f8114406efec097d95385d0fdc9,"(3,1,0,0)",1,2,7,0,0
3819d7f5dfa12fa374d33f513c46499c1c8e59019e5ac6aa972aedbe55ef081e,"(3,1,0,0)",0,1,11,0,0
3819d7f5dfa12fa374d33f513c46499c1c8e59019e5ac6aa972aedbe55ef081e,"(3,1,0,0)",0,2,7,0,0
3819d7f5dfa12fa374d33f513c46499c1c8e59019e5ac6aa972aedbe55ef081e,"(3,1,0,0)",1,2,10,0,0
9022ff4ed5597163490b2a54940fbdae58fa21e07a21ec9df765932d55785a49,"(3,1,0,0)",0,1,10,0,0
9022ff4ed5597163490b2a54940fbdae58fa21e07a21ec9df765932d55785a49,"(3,1,0,0)",0,2,8,0,0
9022ff4ed5597163490b2a54940fbdae58fa21e07a21ec9df765932d55785a49,"(3,1,0,0)",1,2,4,0,0
845f450ab990e704119d0d0b0443d30456bd36444256153ed40019b76070cd80,"(3,1,0,0)",0,1,11,0,0
845f450ab990e704119d0d0b0443d30456bd36444256153ed40019b76070cd80,"(3,1,0,0)",0,2,9,0,0
845f450ab990e704119d0d0b0443d30456bd36444256153ed40019b76070cd80,"(3,1,0,0)",1,2,6,0,0
873f084eb4734e269eab529220d2f47449d39a8a17bc5b8de6067792ce3d383a,"(3,1,0,0)",0,1,10,0,0
873f084eb4734e269eab529220d2f47449d39a8a17bc5b8de6067792ce3d383a,"(3,1,0,0)",0,2,11,0,0
873f084eb4734e269eab529220d2f47449d39a8a17bc5b8de6067792ce3d383a,"(3,1,0,0)",1,2,5,0,0
42e47c68fa940af747759293baa7d6ca17bca8743475698c3dfbb49ba67b395f,"(3,1,0,0)",0,1,8,0,0
42e47c68fa940af747759293baa7d6ca17bca8743475698c3dfbb49ba67b395f,"(3,1,0,0)",0,2,10,0,0
42e47c68fa940af747759293baa7d6ca17bca8743475698c3dfbb49ba67b395f,"(3,1,0,0)",1,2,4,0,0
3458bdd7afe0649021e4643d3491f7e59da822d130e5f129ca5ef946e3aaff34,"(3,1,0,0)",0,1,11,0,0
3458bdd7afe0649021e4643d3491f7e59da822d130e5f129ca5ef946e3aaff34,"(3,1,0,0)",0,2,9,0,0
3458bdd7afe0649021e4643d3491f7e59da822d130e5f129ca5ef946e3aaff34,"(3,1,0,0)",1,2,9,0,0
998e79ae383a5811df3fe7d493bf98f97be5c920fed8423ac9b4f624a0d87464,"(3,1,0,0)",0,1,11,0,0
998e79ae383a5811df3fe7d493bf98f97be5c920fed8423ac9b4f624a0d87464,"(3,1,0,0)",0,2,7,0,0
998e79ae383a5811df3fe7d493bf98f97be5c920fed8423ac9b4f624a0d87464,"(3,1,0,0)",1,2,10,0,0
f86982b7470d06f1ccc89b186791cdecb68a843412174a0c867a8c713e3d06df,"(3,1,0,0)",0,1,8,0,0
f86982b7470d06f1ccc89b186791cdecb68a843412174a0c867a8c713e3d06df,"(3,1,0,0)",0,2,10,0,0
f86982b7470d06f1ccc89b186791cdecb68a843412174a0c867a8c713e3d06df,"(3,1,0,0)",1,2,6,0,0
1d6d21a12869f182767781cb16159ac3b417962978625cc81b0a0518eda5ca1e,"(3,1,0,0)",0,1,11,0,0
1d6d21a12869f182767781cb16159ac3b417962978625cc81b0a0518eda5ca1e,"(3,1,0,0)",0,2,9,0,0
1d6d21a12869f182767781cb16159ac3b417962978625cc81b0a0518eda5ca1e,"(3,1,0,0)",1,2,6,0,0
391073573687ec70982a0bd3867f54f6297d83dc4e36fc7470e18d9e74490e4e,"(3,1,0,0)",0,1,7,0,0
391073573687ec70982a0bd3867f54f6297d83dc4e36fc7470e18d9e74490e4e,"(3,1,0,0)",0,2,11,0,0
391073573687ec70982a0bd3867f54f6297d83dc4e36fc7470e18d9e74490e4e,"(3,1,0,0)",1,2,10,0,0
7fe01f2196362b95705c915a531af20b9c19953fc125b630091b6147abe10567,"(3,1,0,0)",0,1,6,0,0
7fe01f2196362b95705c915a531af20b9c19953fc125b630091b6147abe10567,"(3,1,0,0)",0,2,5,0,0
7fe01f2196362b95705c915a531af20b9c19953fc125b630091b6147abe10567,"(3,1,0,0)",1,2,7,0,0
f810c62ece44d1a125eeab8a3b038705702290d709beb0c38bbc3b762f991bc1,"(3,1,0,0)",0,1,11,0,0
f810c62ece44d1a125eeab8a3b038705702290d709beb0c38bbc3b762f991bc1,"(3,1,0,0)",0,2,11,0,0
f810c62ece44d1a125eeab8a3b038705702290d709beb0c38bbc3b762f991bc1,"(3,1,0,0)",1,2,7,0,0
1602612f891a0bb2ce7ee3a55043ac1fe9ac90308000311d5b5be75b17312999,"(3,1,0,0)",0,1,5,0,0
1602612f891a0bb2ce7ee3a55043ac1fe9ac90308000311d5b5be75b17312999,"(3,1,0,0)",0,2,6,0,0
1602612f891a0bb2ce7ee3a55043ac1fe9ac90308000311d5b5be75b17312999,"(3,1,0,0)",1,2,7,0,0
3ceb7b35e7008a369bc2b47513dc6f86da67143cd3d717bd2891f97d256983d4,"(3,1,0,0)",0,1,6,0,0
3ceb7b35e7008a369bc2b47513dc6f86da67143cd3d717bd2891f97d256983d4,"(3,1,0,0)",0,2,3,0,0
3ceb7b35e7008a369bc2b47513dc6f86da67143cd3d717bd2891f97d256983d4,"(3,1,0,0)",1,2,5,0,0
fc72f54fffac53cbe16d4940a47d2a2fa7f6822adb87882a9aef246157e5bcc1,"(3,1,0,0)",0,1,7,0,0
fc72f54fffac53cbe16d4940a47d2a2fa7f6822adb87882a9aef246157e5bcc1,"(3,1,0,0)",0,2,6,0,0
fc72f54fffac53cbe16d4940a47d2a2fa7f6822adb87882a9aef246157e5bcc1,"(3,1,0,0)",1,2,5,0,0
07e037a61c53f2cd3de6e84fa16bf8099fdd19f7ec1ce6906bf5fc4109786306,"(3,1,0,0)",0,1,7,0,0
07e037a61c53f2cd3de6e84fa16bf8099fdd19f7ec1ce6906bf5fc4109786306,"(3,1,0,0)",0,2,11,0,0
07e037a61c53f2cd3de6e84fa16bf8099fdd19f7ec1ce6906bf5fc4109786306,"(3,1,0,0)",1,2,10,0,0
e422db5c4ee34de992500737ab25176b931349cad0e677528da3a041eec75646,"(3,1,0,0)",0,1,9,0,0
e422db5c4ee34de992500737ab25176b931349cad0e677528da3a041eec75646,"(3,1,0,0)",0,2,9,0,0
e422db5c4ee34de992500737ab25176b931349cad0e677528da3a041eec75646,"(3,1,0,0)",1,2,4,0,0
74e47dd7ea32830a53fdd32369956c4d8fe49b74b978645da058f2a5c5e4bd62,"(3,1,0,0)",0,1,11,0,0
74e47dd7ea32830a53fdd32369956c4d8fe49b74b978645da058f2a5c5e4bd62,"(3,1,0,0)",0,2,9,0,0
74e47dd7ea32830a53fdd32369956c4d8fe49b74b978645da058f2a5c5e4bd62,"(3,1,0,0)",1,2,6,0,0
5c193c116cfaca92ee9f8dcaa657274f2ff8e8dba36f998b0803c77279a6c07e,"(3,1,0,0)",0,1,11,0,0
5c193c116cfaca92ee9f8dcaa657274f2ff8e8dba36f998b0803c77279a6c07e,"(3,1,0,0)",0,2,9,0,0
5c193c116cfaca92ee9f8dcaa657274f2ff8e8dba36f998b0803c77279a6c07e,"(3,1,0,0)",1,2,6,0,0
4b5183fb1f60f5d3d329dee5e72bff4ba0e286b8730a60b7363064fb46f906ff,"(3,1,0,0)",0,1,6,0,0
4b5183fb1f60f5d3d329dee5e72bff4ba0e286b8730a60b7363064fb46f906ff,"(3,1,0,0)",0,2,5,0,0
4b5183fb1f60f5d3d329dee5e72bff4ba0e286b8730a60b7363064fb46f906ff,"(3,1,0,0)",1,2,7,0,0
4c6210b00b255b8473d65100424364ab8a16f6b1ddac541fbe050a076a0c39c2,"(3,1,0,0)",0,1,8,0,0
4c6210b00b255b8473d65100424364ab8a16f6b1ddac541fbe050a076a0c39c2,"(3,1,0,0)",0,2,11,0,0
4c6210b00b255b8473d65100424364ab8a16f6b1ddac541fbe050a076a0c39c2,"(3,1,0,0)",1,2,7,0,0
c02bb1de4d791e54537cd276c66bf4b98a0c8fd03d996857232d4497679f3579,"(3,1,0,0)",0,1,9,0,0
c02bb1de4d791e54537cd276c66bf4b98a0c8fd03d996857232d4497679f3579,"(3,1,0,0)",0,2,9,0,0
c02bb1de4d791e54537cd276c66bf4b98a0c8fd03d996857232d4497679f3579,"(3,1,0,0)",1,2,3,0,0
669e7a9b99c4fe08d84b9acaa4ef89024c32987efa1053b0b4e2dcd02521b0c2,"(3,1,0,0)",0,1,10,0,0
669e7a9b99c4fe08d84b9acaa4ef89024c32987efa1053b0b4e2dcd02521b0c2,"(3,1,0,0)",0,2,8,0,0
669e7a9b99c4fe08d84b9acaa4ef89024c32987efa1053b0b4e2dcd02521b0c2,"(3,1,0,0)",1,2,4,0,0
9e71b9897cb9885e4d1407b2f3f8f7c5dd6db5f36dee9ff2bf37bf8ba5fd289b,"(3,1,0,0)",0,1,4,0,0
9e71b9897cb9885e4d1407b2f3f8f7c5dd6db5f36dee9ff2bf37bf8ba5fd289b,"(3,1,0,0)",0,2,4,0,0
9e71b9897cb9885e4d1407b2f3f8f7c5dd6db5f36dee9ff2bf37bf8ba5fd289b,"(3,1,0,0)",1,2,6,0,0
54732e2ed62f09a88d596721caeef5d194453c4fb8c42a16c4ff3b4f279a12bf,"(3,1,0,0)",0,1,7,0,0
54732e2ed62f09a88d596721caeef5d194453c4fb8c42a16c4ff3b4f279a12bf,"(3,1,0,0)",0,2,6,0,0
54732e2ed62f09a88d596721caeef5d194453c4fb8c42a16c4ff3b4f279a12bf,"(3,1,0,0)",1,2,5,0,0
2c4e320a70e51b87f4c0ace3a561a6594dc8d9b6bf6ea341f574d72debf65a6c,"(3,1,0,0)",0,1,11,0,0
2c4e320a70e51b87f4c0ace3a561a6594dc8d9b6bf6ea341f574d72debf65a6c,"(3,1,0,0)",0,2,10,0,0
2c4e320a70e51b87f4c0ace3a561a6594dc8d9b6bf6ea341f574d72debf65a6c,"(3,1,0,0)",1,2,5,0,0
b0c13c05ecaa28b0af8893d3b43536987c035f07372155a1668271b25d7e0f74,"(3,1,0,0)",0,1,5,0,0
b0c13c05ecaa28b0af8893d3b43536987c035f07372155a1668271b25d7e0f74,"(3,1,0,0)",0,2,5,0,0
b0c13c05ecaa28b0af8893d3b43536987c035f07372155a1668271b25d7e0f74,"(3,1,0,0)",1,2,2,0,0
8afacbd40ce322da9800fc0f5c17ba8920e0938141bbfff7fed18088cd644017,"(3,1,0,0)",0,1,6,0,0
8afacbd40ce322da9800fc0f5c17ba8920e0938141bbfff7fed18088cd644017,"(3,1,0,0)",0,2,4,0,0
8afacbd40ce322da9800fc0f5c17ba8920e0938141bbfff7fed18088cd644017,"(3,1,0,0)",1,2,4,0,0
c7ff22c806650a7778c51b45f2594c97fa901e7b41c620cf77ecf08db4aae08c,"(3,1,0,0)",0,1,10,0,0
c7ff22c806650a7778c51b45f2594c97fa901e7b41c620cf77ecf08db4aae08c,"(3,1,0,0)",0,2,9,0,0
c7ff22c806650a7778c51b45f2594c97fa901e7b41c620cf77ecf08db4aae08c,"(3,1,0,0)",1,2,5,0,0
a450af921b413681a828315e2675cda0014ee26ba44f3dc77636fd8fad897f2c,"(3,1,0,0)",0,1,7,0,0
a450af921b413681a828315e2675cda0014ee26ba44f3dc77636fd8fad897f2c,"(3,1,0,0)",0,2,7,0,0
a450af921b413681a828315e2675cda0014ee26ba44f3dc77636fd8fad897f2c,"(3,1,0,0)",1,2,4,0,0
b041b84ae0c25bbf41847079a6c70b92fd2bb42d35a0a148eb589d871e7a4bff,"(3,1,0,0)",0,1,6,0,0
b041b84ae0c25bbf41847079a6c70b92fd2bb42d35a0a148eb589d871e7a4bff,"(3,1,0,0)",0,2,5,0,0
b041b84ae0c25bbf41847079a6c70b92fd2bb42d35a0a148eb589d871e7a4bff,"(3,1,0,0)",1,2,7,0,0
bbd98b09f1657f15cea9b84a057690c7f4600d00426a7a20e95773e4599fe581,"(3,1,0,0)",0,1,9,0,0
bbd98b09f1657f15cea9b84a057690c7f4600d00426a7a20e95773e4599fe581,"(3,1,0,0)",0,2,11,0,0
bbd98b09f1657f15cea9b84a057690c7f4600d00426a7a20e95773e4599fe581,"(3,1,0,0)",1,2,9,0,0
16cd56fc4ae29dc4eb567925187ec1cef9b193f501ad4a245e5b66f6da8fdec1,"(3,1,0,0)",0,1,11,0,0
16cd56fc4ae29dc4eb567925187ec1cef9b193f501ad4a245e5b66f6da8fdec1,"(3,1,0,0)",0,2,11,0,0
16cd56fc4ae29dc4eb567925187ec1cef9b193f501ad4a245e5b66f6da8fdec1,"(3,1,0,0)",1,2,3,0,0
e6b9c692f2fd15ff833d044f2f719e392427a2677a3aaa48ba726355f879f428,"(3,1,0,0)",0,1,11,0,0
e6b9c692f2fd15ff833d044f2f719e392427a2677a3aaa48ba726355f879f428,"(3,1,0,0)",0,2,10,0,0
e6b9c692f2fd15ff833d044f2f719e392427a2677a3aaa48ba726355f879f428,"(3,1,0,0)",1,2,5,0,0
59a5fb095c353430e9c0ad31aac85a8b386162de8fa5dee4651c2a44f0bf131d,"(3,1,0,0)",0,1,11,0,0
59a5fb095c353430e9c0ad31aac85a8b386162de8fa5dee4651c2a44f0bf131d,"(3,1,0,0)",0,2,11,0,0
59a5fb095c353430e9c0ad31aac85a8b386162de8fa5dee4651c2a44f0bf131d,"(3,1,0,0)",1,2,4,0,0
661ecf88e7ff9eff7e560da6c6214f541a96a71c30832a6e110a4ffc2cce3917,"(3,1,0,0)",0,1,8,0,0
661ecf88e7ff9eff7e560da6c6214f541a96a71c30832a6e110a4ffc2cce3917,"(3,1,0,0)",0,2,10,0,0
661ecf88e7ff9eff7e560da6c6214f541a96a71c30832a6e110a4ffc2cce3917,"(3,1,0,0)",1,2,6,0,0
